Display Order,Product Details,ASIN,Segment,URL,Image URL,Brand,Price  £,Parent Level Sales,ASIN Sales,Recent Purchases,Parent Level Revenue,ASIN Revenue,Title Char. Count,BSR,Seller Country/Region,Fees  £,Active Sellers,Ratings,Review Count,Images,Review velocity,Buy Box,Category,Size Tier,Fulfillment,Dimensions,Weight,ABA Most Clicked,Creation Date,Sponsored,Best Seller,Seller Age (mo),Seller
53,"Cetraben Moisturising Cream, For Dry, Itchy, Sensitive & Eczema-Prone Skin, Soothe, Moisturise, Hydrate, & Protect, Dermatological Moisturiser, Daily Use on the Body, Fragrance Free, 1 x 475ml",B071VGB2LW,Cream,https://www.amazon.co.uk/dp/B071VGB2LW?psc=1,https://m.media-amazon.com/images/I/61zQxAoMkIL._AC_SY355_.jpg,Cetraben,8.87,"16,257","12,954","9,000","181,412.65","160,816.75",192,142,AMZ,4.98,15,4.6,"9,355",9,44,Amazon,Beauty,Small Parcel,AMZ,21.20 x 7.60 x 7.90 cm,0.61,N/A,"May 10, 2017",,No,110,Amazon
37,"E45 Moisturising Lotion 500 ml for Dry & Sensitive Skin - Long-Lasting Hydration Protect from Dryness, Reduce Redness - Dermatological Body Moisturiser Lotion - Body Lotion - Daily Moisturiser",B001RYSEVK,Cream,https://www.amazon.co.uk/dp/B001RYSEVK?psc=1,https://m.media-amazon.com/images/I/617iVsO2KIL._AC_SY355_.jpg,E45,6.04,"17,004","18,353","10,000","121,584.82","126,250.66",192,43,AMZ,3.27,28,4.7,"18,626",7,102,Amazon,Home & Kitchen,Extra Large Envelope,AMZ,20.60 x 4.60 x 8.71 cm,0.54,N/A,"Jul 2, 2008",,No,216,Amazon
16,"E45 Itch Relief Cream 500g – Treatment for Eczema, Dry Skin, Dermatitis and Itchy Skin – Instant 24-Hour Hydration with Urea for Moisture Retention - Perfume free and dermatologically tested",B001EJOHUU,Cream,https://www.amazon.co.uk/dp/B001EJOHUU?psc=1,https://m.media-amazon.com/images/I/51Y6C5624FL._AC_SY355_.jpg,E45,14.58,"6,918","6,918","5,000","115,679.98","115,679.98",190,603,AMZ,5.72,24,4.6,"3,339",7,39,Amazon,Health & Personal Care,Small Parcel,AMZ,21.10 x 7.80 x 8.20 cm,0.61,N/A,"Aug 6, 2008",,No,215,Amazon
39,"Epaderm Moisturising Cream for Dry Skin, including Eczema and Psoriasis, 500g Pump",B006EI0OLM,Cream,https://www.amazon.co.uk/dp/B006EI0OLM?psc=1,https://m.media-amazon.com/images/I/51hf1vxJoEL._AC_SY355_.jpg,Epaderm,8.28,"9,505","9,505","6,000","96,974.20","96,974.21",82,285,AMZ,4.63,30,4.7,"5,703",11,35,Amazon,Beauty,Small Parcel,AMZ,21.20 x 7.60 x 7.80 cm,0.62,N/A,"Oct 11, 2010",,No,189,Amazon
35,"Eurax Itch Relief Cream, Hydrating Relief from Itchy & Irritated Skin, Alleviates Itching from Rashes, Eczema, Dermatitis & Chickenpox, Dermatologist Recommended, Contains Crotamiton, 1 x 100g",B001IC5TLE,Cream,https://www.amazon.co.uk/dp/B001IC5TLE?psc=1,https://m.media-amazon.com/images/I/51in1vIDyBL._AC_SX355_.jpg,Eurax,5.03,"13,379","12,423","9,000","79,254.11","75,910.83",192,52,AMZ,3.51,14,4.5,"15,595",6,82,Amazon,Pet Supplies,Large Envelope,AMZ,18.50 x 3.90 x 4.80 cm,0.12,N/A,"Oct 15, 2008",,No,213,Amazon
40,"Bioderma Atoderm Body Wash Family (Women, Men and Kids) Moisturizing and Cleansing Shower Oil for Very Dry Sensitive Skin, 33.80 Fl Oz 1 Liter",B00ZY65OSI,Wash,https://www.amazon.co.uk/dp/B00ZY65OSI?psc=1,https://m.media-amazon.com/images/I/615ZenpkpGL._AC_SY355_.jpg,Bioderma,15.56,"3,981","3,981","3,000","70,097.76","70,097.77",142,996,FR,5.74,23,4.6,"31,262",8,266,Cosmeco,Beauty,Small Parcel,FBA,22.50 x 8.00 x 10.50 cm,1.17,N/A,"Aug 27, 2015",,No,131,Cosmeco
38,"Doublebase Dry Skin Emollient. Clinically Proven Moisturiser for Eczema, Psoriasis and Dermatitis Treatment. Body Cream for Dry Skin Relief (Packaging May Vary), 250g Pump Pack",B084F578HM,Cream,https://www.amazon.co.uk/dp/B084F578HM?psc=1,https://m.media-amazon.com/images/I/61jdH2RoO0L._AC_SY355_.jpg,Doublebase,6.53,"9,003","7,263","5,000","66,036.42","56,939.57",176,237,AMZ,4.12,10,4.6,"8,894",8,43,Amazon,Beauty,Small Parcel,AMZ,19.10 x 6.70 x 6.90 cm,0.36,N/A,"Feb 1, 2020",,No,77,Amazon
49,"E45 Moisturiser, Body, Face And Hand Cream For Dry, Flaky Skin, Suitable For Eczema, Dry Psoriasis, Sunburn, 500g Tub",B07MJW2BQF,Cream,https://www.amazon.co.uk/dp/B07MJW2BQF?psc=1,https://m.media-amazon.com/images/I/61zeiqJ0iNL._SY342_.jpg,E45,4.09,"12,712","4,512","4,000","119,302.65","54,542.26",117,180,AMZ,4.92,7,4.7,"13,400",9,83,Amazon,,Small Parcel,AMZ,12.00 x 8.70 x 8.80 cm,0.57,N/A,"Oct 24, 2019",,No,81,Amazon
64,"Clever Soap 0.5% Piroctone Olamine Face & Body Cream - Helps Prevent Flare-Ups - Suitable For Seborrheic Dermatitis, Psoriasis, Acne, Dry & Oily, Sensitive Skin - Fragrance & Oil Free, For Men & Women",B0CFB888KB,Cream,https://www.amazon.co.uk/dp/B0CFB888KB?psc=1,https://m.media-amazon.com/images/I/61tRdmHTw0L._AC_SY355_.jpg,Clever Soap,8.32,"5,315","5,315","3,000","53,092.35","53,092.33",200,705,GB,2.47,1,4.3,164,8,14,Clever Soap,Beauty,Standard Envelope,FBA,6.60 x 2.40 x 6.40 cm,0.08,N/A,"Aug 10, 2023",,No,35,Clever Soap
36,La Roche Posay LIPIKAR AP+Max Triple-Action Balm for ultra-dry to atopic eczema-prone skin 400ml,B0FTFQB5YF,Cream,https://www.amazon.co.uk/dp/B0FTFQB5YF?psc=1,https://m.media-amazon.com/images/I/41AbiHD5iHL._AC_SX342_.jpg,,21.24,"1,924","1,924","1,000","49,039.38","49,039.36",96,"1,886",AMZ,6.88,3,4.7,275,14,104,Amazon,Health & Personal Care,Extra Large Envelope,AMZ,20.10 x 5.60 x 5.60 cm,0.44,N/A,"Mar 10, 2026",,No,4,Amazon
43,"AproDerm® Colloidal Oat Cream 500ml Pump – Paraffin Free, Vegan, 2-in-1 Moisturiser and Soap Substitute for Dry Skin, Eczema, Dermatitis and Psoriasis",B07QK1K57J,Cream,https://www.amazon.co.uk/dp/B07QK1K57J?psc=1,https://m.media-amazon.com/images/I/51UzFQghmtL._AC_SY355_.jpg,AproDerm,8.32,"4,346","4,346","3,000","43,419.18","43,419.18",150,763,GB,3.84,8,4.6,"4,391",6,15,Fontus Health Ltd,Beauty,Small Parcel,FBA,20.80 x 7.29 x 8.31 cm,0.58,N/A,"May 24, 2016",,No,122,Fontus Health Ltd
44,"Doublebase Flare Relief Emollient for the Treatment and Relief of Dry Skin Conditions such as Eczema and Psoriasis and Dermatitis (Packaging May Vary), 500g Pump Pack",B084ZR8RV6,Cream,https://www.amazon.co.uk/dp/B084ZR8RV6?psc=1,https://m.media-amazon.com/images/I/71t9OK5k-rL._AC_SY355_.jpg,Doublebase,10,"3,411","3,411","2,000","42,977.67","42,977.67",166,"1,334",AMZ,4.98,2,4.5,"3,995",8,29,Amazon,Health & Personal Care,Small Parcel,AMZ,22.35 x 8.20 x 8.30 cm,0.63,N/A,"Feb 12, 2020",,No,77,Amazon
41,"E45 Cream 125 g – Moisturiser for Dry Skin and Sensitive Skin - Emollient Body Cream to Soothe Dry and Irritated Skin - Itchy Skin, Eczema Cream - Perfume-Free Face Cream and Non-Greasy Hand Cream",B0038HRRFS,Cream,https://www.amazon.co.uk/dp/B0038HRRFS?psc=1,https://m.media-amazon.com/images/I/51OmddSTQeL._AC_SY355_.jpg,E45,4.05,"8,975","8,975","4,000","42,792.99","42,792.99",196,627,AMZ,3.13,19,4.7,"3,008",9,52,Amazon,Beauty,Small Parcel,AMZ,11.99 x 6.91 x 7.29 cm,0.2,N/A,"Mar 4, 2009",,No,208,Amazon
34,"Pinewoods Fast Acting Hydrocortisone Cream 1% w/w Bite and Sting Cream, Mosquito and Bee Sting Treatment, Itchy Skin and Redness Solution, 3 x 10g Tubes for Eczema and Irritation",B0DLWWBP7D,Cream,https://www.amazon.co.uk/dp/B0DLWWBP7D?psc=1,"https://m.media-amazon.com/images/I/61-xpHOCDxL._AC_SY355_PIbundle-3,TopRight,0,0_SH20_.jpg",Generic,6.62,"4,981","4,981","4,000","40,552.51","40,552.54",178,291,GB,1.94,2,4.6,"1,943",8,39,Asrev Healthcare,Health & Personal Care,Standard Envelope,FBA,10.10 x 2.40 x 9.70 cm,0.06,N/A,"Nov 4, 2024",,No,20,Asrev Healthcare
47,Medi Derma-S Barrier Cream Tube 90g for Gentle Barrier Protection on Intact Skin or for Mild Skin Damage-for Use During Episodes of Incontinence,B0174RMU1S,Cream,https://www.amazon.co.uk/dp/B0174RMU1S?psc=1,https://m.media-amazon.com/images/I/51G5g4kVOpL._AC_SY355_.jpg,Fwoueot,7.99,"4,216","4,216","3,000","40,328.79","40,328.78",144,736,GB,3.23,19,4.8,"1,795",6,24,121Pharmacy,Health & Personal Care,Extra Large Envelope,MFN,17.50 x 4.10 x 4.10 cm,0.11,N/A,"Oct 25, 2015",,No,129,121Pharmacy
51,Epaderm Emollient For Dry Skin - 500g,B002TV5YMW,Cream,https://www.amazon.co.uk/dp/B002TV5YMW?psc=1,https://m.media-amazon.com/images/I/61I4kWBl7zL._AC_SY355_.jpg,Epaderm,7.84,"4,185","4,185","2,000","39,378.59","39,378.61",37,968,AMZ,3.84,26,4.7,"3,221",9,20,Amazon,Beauty,Small Parcel,AMZ,17.10 x 12.00 x 13.60 cm,0.6,N/A,"Jun 8, 2009",,No,205,Amazon
9,"La Roche-Posay Lipikar Syndet AP+, Soothing Cream Wash, Niacinamide, Shea Butter, For Very Dry Sensitive Eczema Prone Skin, Face Body Cleanser, Fragrance Free, 400ml",B01LTGM28G,Wash,https://www.amazon.co.uk/dp/B01LTGM28G?psc=1,https://m.media-amazon.com/images/I/71lduOrTHeL._AC_SX342_.jpg,,20.15,"1,849","1,849","1,000","34,640.42","34,640.42",165,"3,387",AMZ,6,1,4.7,"4,781",10,87,Amazon,Beauty,Extra Large Envelope,AMZ,20.00 x 5.90 x 6.00 cm,0.47,N/A,"Sep 19, 2016",,No,118,Amazon
35,"Diprobase Advanced New Formula for Eczema Prone Skin for Red, Inflamed or Damaged Skin Cream, 500 g (Pack of 2)",B0B8Z3B48T,Cream,https://www.amazon.co.uk/dp/B0B8Z3B48T?psc=1,"https://m.media-amazon.com/images/I/61SvHk-cR3L._AC_SY355_PIbundle-2,TopRight,0,0_SH20_.jpg",Diprobase,22.49,"1,152","1,152",900,"31,089.79","31,089.81",111,"3,301",GB,7.15,2,4.7,719,6,8,BioHerbs,Beauty,Small Parcel,FBA,20.10 x 7.30 x 19.70 cm,1.1,N/A,"Aug 4, 2022",,No,47,BioHerbs
56,"QV Cream with 10% Glycerin (500g) Rich Protective Moisturiser for Sensitive, Dry Skin, Fragrance Free, Noncomedogenic Body Cream, Hydrating Skin Care for Eczema, Psoriasis, Dermatitis, Pump Bottle",B006WZQK60,Cream,https://www.amazon.co.uk/dp/B006WZQK60?psc=1,https://m.media-amazon.com/images/I/51pMtmvkgiL._AC_SY355_.jpg,QV,8.32,"5,464","2,736","2,000","66,599.16","30,396.48",196,663,AMZ,4.76,8,4.6,"5,964",2,52,Amazon,Beauty,Small Parcel,AMZ,18.60 x 8.30 x 8.30 cm,0.57,N/A,"Jun 1, 2012",,No,169,Amazon
19,"Oilatum Emollient Bath Liquid for Eczema, Psoriasis and Dry Skin Conditions, Soothing Formula for Sensitive Skin, Hydrating Relief for Itchy, Irritated Skin, 1 x 500ml",B001PMM3BG,Wash,https://www.amazon.co.uk/dp/B001PMM3BG?psc=1,https://m.media-amazon.com/images/I/61ZF0YxgJDL._AC_SY355_.jpg,Oilatum,10.42,"2,288","2,288","1,000","28,589.39","28,589.39",167,"2,288",AMZ,4.86,16,4.7,"1,767",8,9,Amazon,Beauty,Extra Large Envelope,AMZ,24.61 x 5.21 x 9.19 cm,0.52,N/A,"Mar 4, 2009",,No,208,Amazon
40,E45 Itch Relief Cream 50 g – Anti Itch Cream for Skin Irritation – Non-Greasy E45 Cream to Relieve Itching – Eczema Dermatitis Cream – Instantly Soothes and Calms Skin - E45 for Itching,B01BKO8B4G,Cream,https://www.amazon.co.uk/dp/B01BKO8B4G?psc=1,https://m.media-amazon.com/images/I/51AfMQl0MDL._AC_SY355_.jpg,E45,3.54,"5,006","5,006","2,000","24,428.56","24,428.57",185,950,GB,2.71,17,4.5,"1,950",8,27,ESSO RETAIL & WHOLESALE,Health & Personal Care,Large Envelope,MFN,14.30 x 3.70 x 4.30 cm,0.07,N/A,"Feb 8, 2016",,No,125,ESSO RETAIL & WHOLESALE
12,E45 Bath Oil 500 ml – E45 Bath Oil Emollient to Moisturise & Hydrate Dry Skin – Gently Cleanses for Soft Skin – Soap Free & Perfume Free Emollient Bath & Shower Oil Body Wash - Dermatologically Tested,B002J9DEZ8,Oil,https://www.amazon.co.uk/dp/B002J9DEZ8?psc=1,https://m.media-amazon.com/images/I/51AbQLUDHoL._AC_SY355_.jpg,E45,6.11,"2,706","2,629","1,000","26,389.78","23,739.68",200,"1,380",AMZ,3.28,16,4.7,"2,131",6,93,Amazon,Beauty,Extra Large Envelope,AMZ,19.80 x 4.40 x 9.00 cm,0.47,N/A,"Jan 14, 2009",,No,210,Amazon
65,"Cetraben Flare Up Overnight Ointment, Relieves Dry, Itchy & Eczema-Prone Skin, Rich Formulation for Intense Hydration, Protects Skin from Irritants, For Overnight Use, Fragrance Free, 1 x 120g",B0727YGY8P,Cream,https://www.amazon.co.uk/dp/B0727YGY8P?psc=1,https://m.media-amazon.com/images/I/61HoqNjNZLL._AC_SY355_.jpg,Cetraben,6.5,"3,085","3,085","2,000","22,022.16","22,022.15",192,740,AMZ,4.08,3,4.5,"2,388",7,15,Amazon,Beauty,Small Parcel,AMZ,6.90 x 6.30 x 6.45 cm,0.15,N/A,"May 10, 2017",,No,110,Amazon
23,"Antibacterial Cream, Eczema Cream, Itch Relief Cream Fast Relief for Dermatitis Itchy Rashes, Psoriasis Ointment Relieves Itchy Skin",B0GRTY5TC1,Cream,https://www.amazon.co.uk/dp/B0GRTY5TC1?psc=1,https://m.media-amazon.com/images/I/61R5QjekiNL._AC_SY355_.jpg,MUPMEN,9.99,"2,190","2,190","1,000","21,881.22","21,881.21",132,"2,071",CN,3.05,1,4,23,7,11,huiru,Health & Personal Care,Standard Envelope,FBA,12.90 x 1.90 x 3.10 cm,0.03,N/A,"Mar 9, 2026",,No,4,huiru
58,Zerobase Emollient Cream 500g - Pack of 2,B0174SDNOK,Cream,https://www.amazon.co.uk/dp/B0174SDNOK?psc=1,"https://m.media-amazon.com/images/I/61l32zd7GpL._AC_SY355_PIbundle-2,TopRight,0,0_SH20_.jpg",Zerobase,16.66,"1,086","1,086",800,"20,661.68","20,661.67",41,"4,307",GB,6.21,18,4.8,834,1,1,HealthCare - EU,Beauty,Small Parcel,MFN,22.50 x 8.10 x 17.09 cm,1.24,N/A,"Oct 25, 2015",,No,129,HealthCare - EU
54,"Zeroderma Zerobase Emollient Cream 2-in-1 Moisturiser & Soap Substitute, for Dry & Eczema-Prone Skin, Restores Skin Barrier, 21 percent w/w Paraffins, 500g",B01ASEIGZ8,Cream,https://www.amazon.co.uk/dp/B01ASEIGZ8?psc=1,https://m.media-amazon.com/images/I/51jzTb5rHWL._AC_SY355_.jpg,Zeroderma,8.22,"3,118","1,770","1,000","26,372.83","20,473.56",155,"1,062",GB,4.82,14,4.7,"2,764",3,21,Local Pharmacy Online,Beauty,Small Parcel,MFN,21.30 x 7.60 x 7.80 cm,0.6,N/A,"Dec 11, 2015",,No,127,Local Pharmacy Online
50,"E45 Moisturising Cream 500g - Emollient Lotion for Dry, Itchy & Sensitive Skin - Soothing Eczema Relief Cream - Non-Greasy, Fast Absorbing, Dermatologically Tested Formula",B004AV1J2S,Cream,https://www.amazon.co.uk/dp/B004AV1J2S?psc=1,https://m.media-amazon.com/images/I/51CEpX2bIfL._AC_SY355_.jpg,E45,9.16,"1,518","1,518","1,000","19,136.60","19,136.60",171,676,AMZ,4.74,11,4.7,"5,107",9,25,Amazon,Beauty,Small Parcel,AMZ,21.20 x 7.50 x 7.60 cm,0.61,N/A,"Nov 20, 2006",,No,236,Amazon
4,Bioderma Atoderm Intensive Baume Sensitive Skin 500ml,B0161ZC5GY,Cream,https://www.amazon.co.uk/dp/B0161ZC5GY?psc=1,https://m.media-amazon.com/images/I/51QgGKN2WaL._AC_SY355_.jpg,Bioderma,16.25,939,946,600,"18,412.67","18,730.26",53,"3,453",GB,3.84,26,4.7,"9,588",7,114,Dalintober Trading Limited,Beauty,Small Parcel,FBA,21.00 x 6.60 x 7.00 cm,0.55,N/A,"Oct 2, 2015",,No,129,Dalintober Trading Limited
62,"Cetraben Dermatological Emollient Cream, Dry or Chapped Skin, SLS and Paraben Free, Fragrance Free, 500 g",B003BK69BA,Cream,https://www.amazon.co.uk/dp/B003BK69BA?psc=1,https://m.media-amazon.com/images/I/51tsQHJg54L._AC_SY355_.jpg,Cetraben,10.24,"2,115","1,580","1,000","32,089.31","18,606.18",105,"2,233",AMZ,5.61,13,4.7,"4,460",4,10,,Beauty,Small Parcel,AMZ,29.11 x 8.38 x 19.71 cm,0.56,N/A,"Jun 8, 2009",,No,205,
57,"Herbal Antifungal Treatment Cream for Skin: Gentle Plant-Based Formula Suitable for Athletes Foot, Ringworm, Jock Itch, Tinea Versicolor & Seborrheic Dermatitis-Prone Skin",B0GZQ8SV65,Cream,https://www.amazon.co.uk/dp/B0GZQ8SV65?psc=1,https://m.media-amazon.com/images/I/71b6nqzNhPL._AC_SY355_.jpg,Kopa Haiku,8.32,"1,272","1,272","1,000","18,095.10","18,095.12",171,"2,604",CN,3.19,2,4.8,96,7,14,FreshLui,Health & Personal Care,Extra Large Envelope,FBA,5.30 x 4.20 x 5.20 cm,0.11,N/A,"Jan 16, 2026",,No,6,FreshLui
45,E45 Itch Relief Cream 100g – Anti Itch Cream for Skin Irritation – Non-Greasy E45 Cream to Relieve Itching – Eczema Dermatitis Cream – Instantly Soothes and Calms Skin,B001PMM1LI,Cream,https://www.amazon.co.uk/dp/B001PMM1LI?psc=1,https://m.media-amazon.com/images/I/61ExjvlqiSL._AC_SY355_.jpg,E45,5.27,"2,268","2,175","1,000","20,229.89","17,633.68",167,"1,383",AMZ,3.16,13,4.5,"8,402",8,11,Amazon,Health & Personal Care,Extra Large Envelope,AMZ,15.60 x 4.90 x 5.70 cm,0.13,N/A,"Aug 21, 2008",,No,215,Amazon
67,"E45 Psoriasis Cream 50 ml – Treatment for Psoriasis Symptoms – to Reduce Scaling, Itching, Redness, Roughness, Dry, Hard Skin – Moisturising E45 Cream – Relieve Irritated Skin",B095X1T5Y5,Cream,https://www.amazon.co.uk/dp/B095X1T5Y5?psc=1,https://m.media-amazon.com/images/I/51y6y8AglEL._AC_SY355_.jpg,E45,12.22,"1,081","1,081",900,"15,136.90","15,136.90",175,"3,052",AMZ,4.55,15,4.4,903,6,11,,Health & Personal Care,Large Envelope,AMZ,13.80 x 3.60 x 3.70 cm,0.07,N/A,"May 30, 2021",,No,62,
69,"Hydromol Emollient Cream for Eczema & Psoriasis-Prone Skin - Moisturises, Helps Restore Skin Barrier - for Very Dry & Sensitive Skin - Fragrance Free, 500g",B006EI1PMY,Cream,https://www.amazon.co.uk/dp/B006EI1PMY?psc=1,https://m.media-amazon.com/images/I/51-5PCqh5vL._AC_SY355_.jpg,hydromol,16.42,"1,052",630,500,"17,639.10","13,773.49",155,"3,756",AMZ,6.06,10,4.6,710,7,10,Amazon,Health & Personal Care,Small Parcel,AMZ,24.79 x 8.61 x 10.11 cm,1.01,N/A,"Sep 10, 2010",,No,190,Amazon
22,"AproDerm® Emollient Cream 500g Pump - 2-in-1 Moisturuser and Soap Substitute, Suitable for Dry Skin, Eczema, Dermatitis & Psoriasis - Vegan",B071F1DH8W,Cream,https://www.amazon.co.uk/dp/B071F1DH8W?psc=1,https://m.media-amazon.com/images/I/41nv69PNiQL._AC_SY355_.jpg,AproDerm,8.21,"1,379","1,379",900,"13,668.49","13,668.48",139,"3,529",GB,4.63,7,4.6,"1,073",6,6,Direct Care Ltd,Beauty,Small Parcel,MFN,20.80 x 7.40 x 7.40 cm,0.59,N/A,"May 9, 2017",,No,110,Direct Care Ltd
39,"Epaderm, Cream, 50 gram | Including Eczema and Psoriasis",B003ZTASQO,Cream,https://www.amazon.co.uk/dp/B003ZTASQO?psc=1,https://m.media-amazon.com/images/I/61FMuXUME8L._AC_SY355_.jpg,Epaderm,3.04,"5,786","3,823","3,000","30,459.64","12,721.70",56,474,AMZ,2.98,16,4.7,"3,325",9,37,Amazon,Beauty,Extra Large Envelope,AMZ,9.20 x 4.50 x 4.60 cm,0.09,N/A,"Aug 16, 2010",,No,191,Amazon
55,"Ultra Bee 100% Natural Exeskin Dry Itchy Skin and Scalp Balm Suitable for People Prone to Eczema, Psoriasis, Dermatitis.100ml",B00L2INI6M,Cream,https://www.amazon.co.uk/dp/B00L2INI6M?psc=1,https://m.media-amazon.com/images/I/51LsgksNVUL._AC_SY355_.jpg,Ultra Bee,16.62,626,626,600,"12,494.30","12,494.29",125,"7,088",GB,5.99,1,4.2,"1,907",11,49,Ultra Bee,Beauty,Extra Large Envelope,MFN,7.00 x 4.90 x 5.00 cm,0.11,N/A,"Jun 17, 2014",,No,145,Ultra Bee
64,"Diprobase Advanced Eczema Cream for Treatment of Symptoms of Dry Skin, Eczema and Atopic Dermatitis, 500ml Pump",B09XXRY73Y,Cream,https://www.amazon.co.uk/dp/B09XXRY73Y?psc=1,https://m.media-amazon.com/images/I/51ciggsTSkL._AC_SY355_.jpg,Diprobase,10.83,773,773,600,"11,840.14","11,840.12",111,"6,357",GB,5.27,15,4.6,"1,083",6,8,Local Pharmacy Online,Health & Personal Care,Small Parcel,MFN,19.30 x 6.30 x 6.50 cm,0.54,N/A,"Mar 15, 2017",,No,112,Local Pharmacy Online
9,"Oilatum Moisture Rich Bath Soak, For Dry, Itchy, Sensitive and Eczema-prone Skin, Soothes, Hydrates and Relieves Dryness, Protects the Skin, Suitable for Everyday Use, 1 x 300ml",B001RYUCL0,Wash,https://www.amazon.co.uk/dp/B001RYUCL0?psc=1,https://m.media-amazon.com/images/I/61ntLoMlKhL._AC_SY355_.jpg,Oilatum,6.99,"1,437","1,293",800,"12,524.10","11,640.83",177,"3,631",AMZ,3.41,11,4.6,"1,877",7,3,Amazon,Beauty,Large Envelope,AMZ,18.42 x 3.71 x 8.71 cm,0.3,N/A,"Feb 27, 2010",,No,197,Amazon
37,"Cream for Psoriasis, Eczema, Rosacea and Dermatitis - Reduces Dryness and Inflammation - Treatment for Itchy, Cracked and Irritated Skin - Dermatology - Healpsorin",B01M732SJK,Cream,https://www.amazon.co.uk/dp/B01M732SJK?psc=1,https://m.media-amazon.com/images/I/613sjMxu32L._AC_SY355_.jpg,Dermz,13.32,"1,086",727,600,"17,513.05","11,627.04",163,"4,571",GB,5.34,2,4.1,"4,223",7,7,Dermz Laboratories,Beauty,Extra Large Envelope,FBA,12.20 x 4.20 x 4.50 cm,0.07,N/A,"Nov 22, 2016",,No,116,Dermz Laboratories
64,"Balmonds Skin Salvation Moisturising Balm 30ml - Natural Eczema & Psoriasis Treatment Suitable for All Ages, Handmade in UK",B0056PHDOA,Cream,https://www.amazon.co.uk/dp/B0056PHDOA?psc=1,https://m.media-amazon.com/images/I/51k5jGD38NL._AC_SY355_.jpg,Balmonds,7.5,"2,370","1,232",800,"31,939.41","11,089.58",123,"2,330",GB,3.37,1,4.3,"5,547",8,N/A,Balmonds Skincare,Beauty,Small Parcel,FBA,10.90 x 6.40 x 6.70 cm,0.08,N/A,"Feb 26, 2011",,No,185,Balmonds Skincare
9,E45 Dermatitis Cream 50 ml to Treat Symptoms of Dermatitis or Eczema – Relieve Itching and Reduce Inflammation and Redness - Anti-Inflammatory Eczema & Dermatitis Cream - Steroid Free,B07X1QJ4XJ,Cream,https://www.amazon.co.uk/dp/B07X1QJ4XJ?psc=1,https://m.media-amazon.com/images/I/51ijS7NLpCL._AC_SY355_.jpg,E45,11.66,780,780,700,"11,040.13","11,040.13",183,"5,603",GB,4.55,13,4.5,"1,307",6,10,Your carer 007,Beauty,Large Envelope,MFN,13.50 x 3.40 x 3.60 cm,0.1,N/A,"Aug 10, 2019",,No,83,Your carer 007
65,"ISDIN Nutradeica Facial Gel Cream 50ml | For Seborrheic Skin | Hydrates, Soothes and Matifies skin",B00J5FWHQ6,Cream,https://www.amazon.co.uk/dp/B00J5FWHQ6?psc=1,https://m.media-amazon.com/images/I/51LWbFGIEqL._AC_SX342_.jpg,ISDIN,18.22,508,508,400,"11,018.38","11,018.39",98,"9,670",GB,6.14,9,4.3,"4,482",8,55,Amazon,Beauty,Large Envelope,FBA,13.70 x 3.70 x 4.70 cm,0.07,N/A,"Sep 28, 2015",,No,130,Amazon
29,"Zeroderma Zeroderm Ointment, Rich 3-in-1 Emollient, Soap Substitute & Bath Additive, For Dry Skin Conditions such as Eczema, Ichthyosis & other Dry Skin Conditions. 500g",B00QMFMDOS,Cream,https://www.amazon.co.uk/dp/B00QMFMDOS?psc=1,https://m.media-amazon.com/images/I/61ApOunQygL._AC_SY355_.jpg,Zeroderma,7.62,"1,182","1,182",900,"10,596.66","10,596.66",169,"3,617",GB,3.82,19,4.7,"1,242",3,3,Direct Care Ltd,Beauty,Small Parcel,MFN,10.70 x 10.30 x 10.50 cm,0.56,N/A,"Feb 17, 2016",,No,125,Direct Care Ltd
14,Eucerin Bath and Shower Oil 400ml,B00I0TQPR0,Oil,https://www.amazon.co.uk/dp/B00I0TQPR0?psc=1,https://m.media-amazon.com/images/I/719DW2H57BL._AC_SX342_.jpg,Eucerin,10.27,741,741,600,"10,505.39","10,505.39",33,"6,547",AMZ,5.59,11,4.4,370,7,5,Amazon,Beauty,Large Envelope,AMZ,21.70 x 3.60 x 7.80 cm,0.44,N/A,"Jan 24, 2014",,No,150,Amazon
18,"Seborrheic Dermatitis & Psoriasis Face Cream: Soothing Natural Formula Treatment for Face, Scalp & Chest with 12 Botanical Extracts, Ceramides & Shea Butter – Steroid-Free",B0G1YP8QLG,Cream,https://www.amazon.co.uk/dp/B0G1YP8QLG?psc=1,https://m.media-amazon.com/images/I/71qZOXLOolL._AC_SY355_.jpg,Kopa Haiku,16.66,581,581,500,"10,403.48","10,403.50",171,"7,338",CN,5.76,2,4.8,204,7,25,Golden-Link,Beauty,Large Envelope,FBA,12.30 x 3.20 x 4.00 cm,0.07,N/A,"Nov 12, 2025",,No,8,Golden-Link
35,"Hydromol Ointment - Intensive Emollient for Very Dry, Itchy Skin- for Psoriasis, Flare-Prone Eczema & Dermatitis - Helps Protect & Prevent Moisture Loss - 100g Tube",B08HYQKK6H,Cream,https://www.amazon.co.uk/dp/B08HYQKK6H?psc=1,https://m.media-amazon.com/images/I/51hE4hOeZuL._AC_SY355_.jpg,hydromol,4.21,"2,673","1,477","1,000","16,283.45","10,357",164,"1,414",AMZ,3.09,10,4.5,"1,078",7,28,Amazon,Health & Personal Care,Extra Large Envelope,AMZ,21.79 x 4.50 x 5.51 cm,0.13,N/A,"Sep 21, 2020",,No,70,Amazon
42,"E45 Cream for Dry & Sensitive Skin - Clinically Proven Moisturiser for Eczema, Dermatitis & Irritation - Dermatologically Tested Non-Greasy Body, Face & Hand Care, 350g",B001RYUCQ0,Cream,https://www.amazon.co.uk/dp/B001RYUCQ0?psc=1,https://m.media-amazon.com/images/I/51K890yY6yL._SY342_.jpg,E45,8.32,"12,712","1,015",500,"119,302.65","10,137.82",168,180,GB,3.89,21,4.7,"13,400",9,84,Yogichem Ltd,,Small Parcel,MFN,11.40 x 10.60 x 11.00 cm,0.41,N/A,"Nov 12, 2015",,No,128,Yogichem Ltd
29,"Zinc and Calendula Cream 100% Natural - for perioral dermatitis, rosacea, acne, nappy rash cream, spots, blemishes, breakouts, rashes (30ml)",B073NPTX28,Cream,https://www.amazon.co.uk/dp/B073NPTX28?psc=1,https://m.media-amazon.com/images/I/71tqJ3domdL._AC_SY355_.jpg,Lyonsleaf,10.82,807,747,600,"11,602.50","9,709.04",140,"4,733",GB,5.64,1,4.3,"1,082",9,8,Lyonsleaf,Beauty,Extra Large Envelope,FBA,5.21 x 4.19 x 4.39 cm,0.08,N/A,"Jul 2, 2017",,No,108,Lyonsleaf
60,"Zeroderma Zeroveen Emollient Cream, 2-in-1 Moisturiser & Soap Substitute, with Natural Oatmeal, Hydration for Dry Skin such as Eczema & other Dry Skin Conditions. 500g",B07S4BLPH3,Cream,https://www.amazon.co.uk/dp/B07S4BLPH3?psc=1,https://m.media-amazon.com/images/I/51NE5vRLYsL._AC_SY355_.jpg,Zeroderma,8.07,"1,095",971,700,"10,518.89","9,632.35",167,"4,098",AMZ,4.62,8,4.8,593,5,5,Amazon,Beauty,Small Parcel,AMZ,21.20 x 7.60 x 7.70 cm,0.62,N/A,"Mar 4, 2013",,No,160,Amazon
66,"Dermol 500 Lotion, Moisturising Emollient for Dry & Sensitive Skin, Soap Substitute, 500ml",B0H6YD96FN,Wash,https://www.amazon.co.uk/dp/B0H6YD96FN?psc=1,https://m.media-amazon.com/images/I/512I0QWVOAL._AC_SY355_.jpg,Generic,16.66,473,473,N/A,"9,455.27","9,455.27",90,"3,117",GB,6.09,1,1,1,1,0,FloraHealth,Beauty,Small Parcel,MFN,20.00 x 9.00 x 10.00 cm,0.55,N/A,"May 17, 2026",,No,2,FloraHealth
24,"Doublebase Dry Skin Emollient. Clinically Proven Moisturiser for Eczema, Psoriasis and Dermatitis Treatment. Body Cream for Dry Skin Relief, 100g Tube",B084F57JWZ,Cream,https://www.amazon.co.uk/dp/B084F57JWZ?psc=1,https://m.media-amazon.com/images/I/61aiWWIBnCL._AC_SY355_.jpg,Doublebase,4.37,"9,003","1,741","2,000","66,036.42","9,096.84",150,240,AMZ,2.88,9,4.6,"8,894",9,45,Amazon,Beauty,Large Envelope,AMZ,17.30 x 3.20 x 5.40 cm,0.11,N/A,"Feb 1, 2020",,No,77,Amazon
67,Hydromol Bath and Shower Emollient 1L,B006EI1O7U,Wash,https://www.amazon.co.uk/dp/B006EI1O7U?psc=1,https://m.media-amazon.com/images/I/51N9Ab6lGZL._AC_SY355_.jpg,hydromol,16.67,"1,416",452,300,"18,531.41","9,049.22",37,"2,761",GB,6.1,2,4.6,993,6,4,Yogichem Ltd,Health & Personal Care,Small Parcel,MFN,29.00 x 9.60 x 13.30 cm,0.97,N/A,"Jan 12, 2012",,No,174,Yogichem Ltd
29,"E45 Cream 50 g – Moisturiser for Dry Skin and Sensitive Skin - Emollient Body Cream to Soothe Dry and Irritated Skin - Itchy Skin, Eczema Cream - Perfume-Free Face Cream and Non-Greasy Hand Cream",B002ISB9NO,Cream,https://www.amazon.co.uk/dp/B002ISB9NO?psc=1,https://m.media-amazon.com/images/I/51SaMFB5qIL._SY342_.jpg,E45,1.45,"12,712","3,207","3,000","119,302.65","8,760.18",195,180,AMZ,2.71,21,4.7,"13,400",9,82,Amazon,,Large Envelope,AMZ,14.30 x 3.40 x 4.20 cm,0.06,N/A,"Jun 14, 2010",,No,193,Amazon
51,"QV Cream with 10% Glycerin (100g) Rich Protective Moisturiser for Sensitive, Dry Skin, Fragrance Free, Noncomedogenic Body Cream, Hydrating Skin Care for Eczema, Psoriasis, Dermatitis, Tube",B009F72YUI,Cream,https://www.amazon.co.uk/dp/B009F72YUI?psc=1,https://m.media-amazon.com/images/I/61TsiFJuxGL._AC_SY355_.jpg,QV,5.83,"5,464","1,238",800,"66,599.16","8,599.93",189,663,AMZ,3.25,6,4.6,"5,964",8,53,Amazon,Beauty,Extra Large Envelope,AMZ,17.30 x 4.20 x 4.90 cm,0.11,N/A,"Oct 16, 2012",,No,165,Amazon
30,E45 Dermatological Junior Foaming Bath Milk 500 ml – Bath Foam for Kids - Soap-Free Body Wash to Protect and Moisturise Dry and Sensitive Skin – Soothe Itching and Irritation - Dermatitis Eczema Cream,B001E4EMM8,Wash,https://www.amazon.co.uk/dp/B001E4EMM8?psc=1,https://m.media-amazon.com/images/I/51+dWtfZyTL._AC_SX342_.jpg,E45,4.87,"1,390","1,390","1,000","8,228.80","8,228.80",200,458,AMZ,3.56,7,4.6,685,6,6,Amazon,Baby Products,Small Parcel,AMZ,19.30 x 6.40 x 6.60 cm,0.54,N/A,"Aug 13, 2008",,No,215,Amazon
39,"Double Emolliant Gel 500g | Highly Effective Moisturizing Solution for Dry Skin | Moisturiser for Eczema, Psoriasis and Dermatitis Treatment",B0FMYBPDGS,Cream,https://www.amazon.co.uk/dp/B0FMYBPDGS?psc=1,https://m.media-amazon.com/images/I/41AjOmg0pxL._AC_SY355_.jpg,PillPharm,11.32,596,596,400,"7,888.32","7,888.32",140,"6,847",GB,273.72,5,4.9,73,1,12,FloraHealth,Beauty,Special Oversize,MFN,30.00 x 7.00 x 7.00 cm,640.01,N/A,"Aug 19, 2025",,No,11,FloraHealth
70,"PURESKIN Psoriasis and Folliculitis Treatment Cream - Fast Relief for Scalp Psoriasis, Dandruff, Seborrheic Dermatitis - Stops Itching, Flaking & Redness – Cooling Mint Formula, Non-Greasy, 3.4 oz",B0D7BXG5F2,Cream,https://www.amazon.co.uk/dp/B0D7BXG5F2?psc=1,https://m.media-amazon.com/images/I/6168iYrwENL._AC_SY355_.jpg,Pureskin,15.57,363,363,200,"7,612.22","7,612.21",196,"9,076",US,6.6,2,4,361,7,1,Clock Dream,Beauty,Small Parcel,FBA,7.60 x 6.70 x 7.60 cm,0.17,N/A,"Jun 19, 2024",,No,25,Clock Dream
50,"Uriage Xémose Lipid-Replenishing Anti-Irritation Cream 400ml - Face & Body - Very Dry Skin Prone to Atopy - Hydrates, Immediately Soothes Itching Sensations, Brings Long-Lasting Comfort",B019HPS6XQ,Cream,https://www.amazon.co.uk/dp/B019HPS6XQ?psc=1,https://m.media-amazon.com/images/I/61r88O6LP-L._AC_SY355_.jpg,Uriage,18.79,445,329,200,"8,748.40","7,423.84",185,"8,727",GB,6.47,10,4.6,"3,500",9,27,Uriage UK,Beauty,Small Parcel,FBA,18.50 x 8.00 x 8.30 cm,0.49,N/A,"Jan 18, 2016",,No,126,Uriage UK
36,RoyceDerm Seborrheic Dermatitis Face Cream,B0FDT97MXD,Cream,https://www.amazon.co.uk/dp/B0FDT97MXD?psc=1,https://m.media-amazon.com/images/I/71fPLan435L._AC_SY355_.jpg,Roycederm,18.54,250,250,200,"6,613.88","6,613.90",42,"12,027",US,6.32,1,4.2,186,7,18,RAINBLESSINGS,Beauty,Extra Large Envelope,FBA,9.90 x 5.20 x 7.70 cm,0.19,N/A,"Sep 10, 2025",,No,10,RAINBLESSINGS
10,"QV Bath Oil (500 ml) Moisturising Bath Soak for Sensitive Skin, Relief from Dry Itchy Skin, Gentle pH Balanced Formula, Fragrance Free, Soap Free, Non Greasy, Noncomedogenic Bath Soak",B0085U7XYI,Oil,https://www.amazon.co.uk/dp/B0085U7XYI?psc=1,https://m.media-amazon.com/images/I/51N7ltWsH+L._AC_SY355_.jpg,QV,6.11,"1,009",694,500,"8,654.61","6,553.50",183,"4,319",AMZ,3.47,6,4.5,826,8,8,Amazon,Beauty,Extra Large Envelope,AMZ,17.80 x 4.90 x 9.80 cm,0.47,N/A,"Jun 1, 2012",,No,169,Amazon
10,"Uriage Xemose C8+ Lipid-Replenishing Anti-Itch Balm 500ml - Nourishes, Repairs, Soothes - Very Dry Skin Prone to Atopic Eczema - 8 Biomimetic Ceramides & 10% Shea Butter - Face & Body - Fragrance-Free",B07JDLL4LP,Cream,https://www.amazon.co.uk/dp/B07JDLL4LP?psc=1,https://m.media-amazon.com/images/I/61A8QSx664L._AC_SY355_.jpg,Uriage,16.21,335,335,200,"6,513.95","6,513.94",200,"10,228",GB,5.96,16,4.3,"1,687",8,46,Uriage UK,Beauty,Small Parcel,FBA,20.50 x 6.60 x 6.70 cm,0.53,N/A,"Sep 29, 2018",,No,94,Uriage UK
66,"Seborrheic Dermatitis & Psoriasis Cream, Shampoo and Conditioner Set - Scalp Therapy System for Folliculitis, Psoriasis, Dandruff, Dry Scalp - Scalp Treatment to Relieve Itching, Flaking, Irritation",B0F48W48Y1,Cream,https://www.amazon.co.uk/dp/B0F48W48Y1?psc=1,"https://m.media-amazon.com/images/I/81mS9cc3pqL._AC_SY355_PIbundle-3,TopRight,0,0_SH20_.jpg",Roycederm,46.71,927,110,N/A,"25,497.35","6,502.08",198,"3,616",US,13.13,1,4.2,"1,314",9,"1,119",Joycederm Store,Beauty,Small Parcel,FBA,23.90 x 7.80 x 23.70 cm,0.97,N/A,"May 29, 2025",,No,14,Joycederm Store
72,"MooGoo Scalp Cream - For Mild Cradle Cap & Seborrheic Dermatitis – Soothing Relief for Dry, Itchy, Flaky Scalp Skin, Babies & Adults – 120 g",B07L52C9HT,Cream,https://www.amazon.co.uk/dp/B07L52C9HT?psc=1,https://m.media-amazon.com/images/I/41ki0QR2KCL._AC_SY355_.jpg,MooGoo,10.75,463,463,300,"5,975.89","5,975.90",140,"7,506",GB,5.45,2,4.4,388,5,6,MooGoo EU Ltd,Beauty,Large Envelope,FBA,16.80 x 3.70 x 6.00 cm,0.13,N/A,"Dec 5, 2018",,No,91,MooGoo EU Ltd
69,"Hydromol Ointment - Intensive Emollient for Very Dry, Itchy Skin – For Psoriasis, Flare-prone Eczema & Dermatitis - Helps Protect & Prevent Moisture Loss - 50g Tub",B003NTAWRG,Cream,https://www.amazon.co.uk/dp/B003NTAWRG?psc=1,https://m.media-amazon.com/images/I/91kgqt93zhL._AC_SY355_.jpg,hydromol,3.52,"2,673","1,195",800,"16,283.45","5,926.44",163,"1,435",AMZ,3.03,1,4.5,"1,078",5,28,Amazon,Health & Personal Care,Extra Large Envelope,AMZ,7.30 x 5.70 x 5.80 cm,0.07,N/A,"Aug 31, 2021",,No,59,Amazon
48,"Uriage Derm-Phy Shower Oil 1L - Face & Body Wash - Dry & Sensitive Skin - Cleanses, Nourishes, Prevents Dryness - 25% Glycerin & Extra-Rich Agents - Physiological pH - Soap-Free",B0GSFX6NY1,Wash,https://www.amazon.co.uk/dp/B0GSFX6NY1?psc=1,https://m.media-amazon.com/images/I/71687Rk5hxL._AC_SY355_.jpg,Uriage,7.47,777,341,300,"12,232.39","5,742.03",177,"5,266",FR,3.7,2,4.7,"3,315",8,64,Parasanteonline,Beauty,Small Parcel,MFN,23.70 x 8.40 x 8.40 cm,1.16,N/A,"Mar 7, 2026",,No,4,Parasanteonline
18,"La Roche-Posay Lipikar Cleansing Oil AP+ for Dry, Itchy Skin 400ml",B07Q6FG1T6,Oil,https://www.amazon.co.uk/dp/B07Q6FG1T6?psc=1,https://m.media-amazon.com/images/I/71ly0UcyTUL._AC_SX342_.jpg,,19,286,286,200,"5,635.85","5,635.85",66,"10,110",AMZ,5.83,1,4.6,"2,759",2,51,Amazon,Beauty,Extra Large Envelope,AMZ,20.10 x 5.50 x 5.50 cm,0.48,N/A,"Mar 15, 2019",,No,88,Amazon
46,100ml Emollient Cream for Eczema Psoriasis Dermatitis – Soothing Hydrating Relief for Itchy Irritated Skin – Protective Layer Moisturiser – Suitable All Ages,B0FKTBJPW5,Cream,https://www.amazon.co.uk/dp/B0FKTBJPW5?psc=1,https://m.media-amazon.com/images/I/412iE4AgjDL._AC_SY355_.jpg,AECECI,7.49,525,525,400,"5,441.54","5,441.53",157,"5,877",CN,2.9,2,4.5,71,6,8,MASHANGYOU,Health & Personal Care,Large Envelope,FBA,14.80 x 3.80 x 6.10 cm,0.11,N/A,"Aug 12, 2025",,No,11,MASHANGYOU
58,"Uriage Bariederm-Cica Repairing Cream with D-Panthenol & Copper-Zinc - Wound Healing Barrier Cream - Multi-purpose (minor cuts, burns) - For Damaged & Irritated Skin - Water Resistant - 40ml",B01JUUHMG0,Cream,https://www.amazon.co.uk/dp/B01JUUHMG0?psc=1,https://m.media-amazon.com/images/I/610d2ihMXrL._AC_SY355_.jpg,Uriage,6.97,785,632,500,"7,680.80","5,291.95",190,"4,614",GB,3.13,18,4.6,"2,226",9,44,Uriage UK,Beauty,Large Envelope,FBA,13.49 x 3.00 x 3.91 cm,0.05,N/A,"Sep 29, 2016",,No,118,Uriage UK
28,"Eucerin AtoControl Acute Care Cream 100ml, Gentle Moisturiser to Target Acute Effects of Atopic Dermatitis, Dry Skin Moisturiser for Softer Skin, Soothes Dry, Itchy and Irritated Skin",B0DQLNCB27,Cream,https://www.amazon.co.uk/dp/B0DQLNCB27?psc=1,https://m.media-amazon.com/images/I/61u0l1SPogL._AC_SX342_.jpg,Eucerin,15.44,267,267,200,"4,976.37","4,976.36",183,"15,268",AMZ,6.29,11,4.3,53,8,2,,Beauty,Large Envelope,AMZ,14.10 x 3.90 x 5.90 cm,0.11,N/A,"Dec 16, 2024",,No,19,
48,"Eczema Cream 20g，Soothes Itchy, Gentle and Relieves Itching, for Dermatitis and Psoriasis, Eczema Cream for Adults",B0FJY86PMH,Cream,https://www.amazon.co.uk/dp/B0FJY86PMH?psc=1,https://m.media-amazon.com/images/I/51PYGL5KzoL._AC_SY355_.jpg,Guuizos,7.72,471,471,400,"4,577.56","4,577.57",114,"8,016",CN,1.98,1,4.2,64,7,10,HUAERFU EU,Health & Personal Care,Standard Envelope,FBA,13.90 x 2.40 x 4.00 cm,0.03,N/A,"Jul 25, 2025",,No,12,HUAERFU EU
61,"La Roche-Posay | Lipikar Balm AP+M Lipid-Replenishing Balm | Triple Repair | Anti-Scratching, Anti-Relapse, Immediate Soothing | Face & Body | Dry, Very Dry & Atopic Skin | Pack of 2 x 400ml",B0FJXXFCPP,Cream,https://www.amazon.co.uk/dp/B0FJXXFCPP?psc=1,"https://m.media-amazon.com/images/I/71HU4QNC7OL._AC_SY355_PIbundle-2,TopRight,0,0_SH20_.jpg",La Roche-Posay,44.71,84,84,50,"4,408.05","4,408.06",190,"40,868",FR,10.63,2,3.7,18,9,1,Pharmaco,Beauty,Extra Large Envelope,FBA,20.60 x 5.90 x 12.10 cm,0.87,N/A,"Jul 25, 2025",,No,12,Pharmaco
30,"Seborrheic Dermatitis Cream 150ml | Skin Care | Moisturising Formula for Dry, Flaky & Itchy Skin | Hydrates, Softens & Comforts Skin",B0FCNNZZG4,Cream,https://www.amazon.co.uk/dp/B0FCNNZZG4?psc=1,https://m.media-amazon.com/images/I/61DNAI968RL._AC_SY355_.jpg,Natures Relief Co,13.32,275,275,200,"4,399.37","4,399.36",132,"15,601",GB,6.2,1,3.7,130,7,10,PD & MP Trading Limited,Beauty,Small Parcel,FBA,12.20 x 7.90 x 10.80 cm,0.16,N/A,"Nov 4, 2025",,No,8,PD & MP Trading Limited
34,"AproDerm® Ointment 500g Tub – Long-Lasting, Intensely Moisturising Emollient; Suitable for Eczema, Psoriasis, Ichthyosis, Dermatitis and Other Dry Skin Conditions; Vegan",B07WW67YWS,Cream,https://www.amazon.co.uk/dp/B07WW67YWS?psc=1,https://m.media-amazon.com/images/I/515EMfBlqbL._AC_SY355_.jpg,AproDerm,7.48,596,469,300,"4,663.56","4,093.36",169,"5,284",GB,4.55,8,4.5,428,5,5,121Pharmacy,Health & Personal Care,Small Parcel,MFN,11.40 x 9.90 x 10.10 cm,0.57,N/A,"Aug 22, 2019",,No,83,121Pharmacy
57,"Uriage Shower Oil 500 mL - Face & Body Wash - Dry & Sensitive Skin - Cleanses, Nourishes, Prevents Dryness - 25% Glycerin & Extra-Rich Agents - Physiological pH - Soap-Free",B06Y3NWF7D,Oil,https://www.amazon.co.uk/dp/B06Y3NWF7D?psc=1,https://m.media-amazon.com/images/I/71S-qoNlhGL._AC_SY355_.jpg,Uriage,10.65,777,286,200,"12,232.39","3,714.64",172,"5,143",GB,5.79,12,4.7,"3,315",8,48,Uriage UK,Beauty,Small Parcel,FBA,20.20 x 6.40 x 6.50 cm,0.6,N/A,"Jul 23, 2017",,No,108,Uriage UK
22,"OatSoak Bath Additive 500g. Skin Relief, Soothing Bath Powder for Itchy Skin, Psoriasis, Eczema, Chicken pox, Irritation and Sunburn. Free from Fragrance, Dyes, Non Scented 100% Natural Made in Wales",B0BW14RMHV,Wash,https://www.amazon.co.uk/dp/B0BW14RMHV?psc=1,https://m.media-amazon.com/images/I/61lDYid8wkL._AC_SY355_.jpg,Bare Boutique,16.13,983,189,100,"9,640.43","3,696.28",199,"16,470",GB,6.41,6,4.6,"1,240",5,19,SUPERTRADE LIMITED,Beauty,Large Envelope,MFN,25.50 x 3.61 x 19.00 cm,0.51,N/A,"Feb 16, 2023",,No,41,SUPERTRADE LIMITED
48,"Avène XeraCalm A.D. Balm for Very Dry, Itchy Skin, 200ml, Eczema Relief, Itch Relief Cream, Lipid Replenishing, Atopic Skin",B0CFGK9D8W,Cream,https://www.amazon.co.uk/dp/B0CFGK9D8W?psc=1,https://m.media-amazon.com/images/I/61jlbW-aFvL._AC_SY355_.jpg,Avene,12.5,191,191,100,"3,628.90","3,628.90",123,"16,101",GB,5.98,6,4.4,34,1,0,Escentual,Beauty,Extra Large Envelope,MFN,21.70 x 6.00 x 6.20 cm,0.27,N/A,"Apr 7, 2014",,No,147,Escentual
46,"Doublebase Once Emollient Gel. Once-daily, highly moisturising, protective gel for eczema, psoriasis and ichthyosis. 100g",B0FQCFK9HC,Cream,https://www.amazon.co.uk/dp/B0FQCFK9HC?psc=1,https://m.media-amazon.com/images/I/71XiofHbXAL._AC_SY355_.jpg,Doublebase,5.62,"1,512",516,500,"15,498.50","3,485.29",121,"5,340",AMZ,N/A,3,4.4,126,6,17,Amazon,Health & Personal Care,Extra Large Envelope,AMZ,18.70 x 4.20 x 4.50 cm,0.12,N/A,"Sep 15, 2025",,No,10,Amazon
34,Bioderma Atoderm Shower Oil Refill 1000ml,B0D9NN7XFD,Oil,https://www.amazon.co.uk/dp/B0D9NN7XFD?psc=1,https://m.media-amazon.com/images/I/51c8GEGtkAL._AC_SY355_.jpg,Bioderma,15.21,183,183,100,"3,399.90","3,399.90",41,"10,016",GB,6.55,22,4.8,"1,121",8,67,Lucky Trading Enterprises,Beauty,Small Parcel,FBA,22.14 x 9.50 x 15.70 cm,1.12,N/A,"Sep 25, 2024",,No,22,Lucky Trading Enterprises
54,"Eurax Itch Relief Cream, Hydrating Relief from Itchy & Irritated Skin, Alleviates Itching from Rashes, Eczema, Dermatitis & Chickenpox, Dermatologist Recommended, Contains Crotamiton, 1 x 30g",B001RYOSM4,Cream,https://www.amazon.co.uk/dp/B001RYOSM4?psc=1,https://m.media-amazon.com/images/I/411DRQXlGSL._AC_SX355_.jpg,Eurax,2.92,"13,379",956,"2,000","79,254.11","3,343.32",191,51,AMZ,3.46,14,4.5,"15,595",6,82,Amazon,Pet Supplies,Large Envelope,AMZ,13.40 x 3.10 x 3.70 cm,0.04,N/A,"Feb 9, 2009",,No,209,Amazon
26,"Bioderma Atoderm Shower Oil - Nourishing & Cleansing Body Wash, Hydrate, Soothe & Protect Dry & Sensitive Skin - with Glycerin & Niacinamides, 200ML",B0F9QYB8XT,Oil,https://www.amazon.co.uk/dp/B0F9QYB8XT?psc=1,https://m.media-amazon.com/images/I/61YvCZf16OL._AC_SY355_.jpg,Bioderma,11.38,243,243,200,"3,331.81","3,331.82",148,"12,877",GB,5.78,4,4.8,11,9,1,BIODERMA UK,Beauty,Extra Large Envelope,FBA,16.80 x 4.90 x 5.10 cm,0.24,N/A,"May 21, 2025",,No,14,BIODERMA UK
61,"iShanCare® Eczema Cream, Maximum Strength Treatment Ointment for Psoriasis, Dermatitis, Rash, Infection, Jock Itch, Athletes Foot, Anti Itch, Relief for Redness, Irritated Skin, 1.77 Oz",B0CRCYMMLM,Cream,https://www.amazon.co.uk/dp/B0CRCYMMLM?psc=1,https://m.media-amazon.com/images/I/61bImrRKaLL._AC_SY355_.jpg,ishancare,15.99,252,206,100,"4,526.73","3,295.77",185,"12,805",CN,5.57,1,4.1,165,7,4,iShanCare,Health & Personal Care,Large Envelope,FBA,14.10 x 3.40 x 4.60 cm,0.07,N/A,"Jan 3, 2024",,No,30,iShanCare
21,"Oilatum Plus Antiseptic Emollient Bath Additive for Eczema and Dry Skin Conditions, Soothing and Hydrating Formula, Dermatologist Recommended Relief, 1 x 500ml",B000LNEB7Y,Wash,https://www.amazon.co.uk/dp/B000LNEB7Y?psc=1,https://m.media-amazon.com/images/I/612ECDjkKWL._AC_SY355_.jpg,Oilatum,12.58,203,203,100,"3,176.48","3,176.50",159,"10,668",AMZ,6.1,11,4.7,625,7,1,Amazon,Health & Personal Care,Extra Large Envelope,AMZ,22.20 x 5.20 x 9.30 cm,0.52,N/A,"Dec 4, 2006",,No,235,Amazon
40,Hydromol Relief Cream - Non-Steroidal Treatment for Mild to Moderate Atopic Dermatitis & Eczema - Long-lasting Itch Relief - With Hyaluronic Acid & Shea Butter - For Adults & Children - 100ml,B0CTHMJ8W1,Cream,https://www.amazon.co.uk/dp/B0CTHMJ8W1?psc=1,https://m.media-amazon.com/images/I/51qJB89ZLQL._AC_SY355_.jpg,hydromol,11.47,201,201,100,"3,146.36","3,146.38",191,"11,969",AMZ,5.58,7,4.6,45,7,0,Amazon,Health & Personal Care,Large Envelope,AMZ,19.70 x 3.20 x 5.00 cm,0.12,N/A,"Feb 1, 2024",,No,29,Amazon
68,"AproDerm® Colloidal Oat Cream 100ml Tube – Paraffin Free, Vegan, 2-in-1 Moisturiser and Soap Substitute; Suitable for Dry Skin, Eczema, Dermatitis and Psoriasis",B08GQ99VXF,Cream,https://www.amazon.co.uk/dp/B08GQ99VXF?psc=1,https://m.media-amazon.com/images/I/41kgL+ITz-L._AC_SY355_.jpg,AproDerm,4.16,620,620,500,"3,096.05","3,096.04",160,"5,805",GB,2.82,4,4.5,572,6,7,Fontus Health Ltd,Beauty,Large Envelope,FBA,15.80 x 3.70 x 5.70 cm,0.11,N/A,"Aug 26, 2020",,No,71,Fontus Health Ltd
20,"Eucerin AtoControl Calming Face Cream 50ml, Calming Moisturiser Suitable for Atopic Dermatitis, Fragrance-Free Gentle Face Cream with Ceramides, Soothes Itching and Reduces Redness",B0DWNGKF6Z,Cream,https://www.amazon.co.uk/dp/B0DWNGKF6Z?psc=1,https://m.media-amazon.com/images/I/61Ys2lC0cCL._AC_SX342_.jpg,Eucerin,12.17,196,196,100,"3,076.14","3,076.14",180,"14,107",AMZ,5.7,7,4.5,46,7,1,Amazon,Beauty,Large Envelope,AMZ,13.00 x 3.20 x 4.30 cm,0.07,N/A,"Feb 10, 2025",,No,17,Amazon
70,"Aveeno Dermexa Daily Emollient Cream (1x 300ml), Emollient Cream Enriched with Triple Oat Complex and Ceramides, Soothing Relief from Dry, Itchy Skin Prone to Eczema",B0D8TG2K16,Cream,https://www.amazon.co.uk/dp/B0D8TG2K16?psc=1,https://m.media-amazon.com/images/I/61FpwewyarL._AC_SY355_.jpg,Aveeno,7.39,236,236,100,"3,050.77","3,050.78",165,"10,913",AMZ,4.75,7,4.7,183,8,6,Amazon,Beauty,Extra Large Envelope,AMZ,20.10 x 4.20 x 8.30 cm,0.35,N/A,"Jun 1, 2024",,No,25,Amazon
42,"Hydromol Ointment for Dry, Very Dry & Itchy Skin - Intensive Emollient for Eczema, Dermatitis & Psoriasis-Prone Skin - Helps Reduce Eczema Flare-Ups - 125g Tub",B0045X8758,Cream,https://www.amazon.co.uk/dp/B0045X8758?psc=1,https://m.media-amazon.com/images/I/61VtxMuHoXL._AC_SY355_.jpg,hydromol,5.33,411,411,300,"3,024.49","3,024.46",159,"8,073",AMZ,3.22,9,4.5,329,7,0,Amazon,Health & Personal Care,Small Parcel,AMZ,6.80 x 6.30 x 6.70 cm,0.15,N/A,"Oct 5, 2010",,No,189,Amazon
17,"Seborrheic Dermatitis Face Cream: Steroid-Free Formula for Folliculitis- & Psoriasis-Prone Skin – Helps Reduce Redness, Itching & Flaking 1.7oz",B0GVTNWZKP,Cream,https://www.amazon.co.uk/dp/B0GVTNWZKP?psc=1,https://m.media-amazon.com/images/I/71XMPBWv8rL._AC_SY355_.jpg,Recuren Plus,9.99,299,299,200,"2,984.09","2,984.10",143,"9,241",CN,4.01,1,4.9,98,7,4,"Dalian Zhouxiang Trading Co., Ltd.",Beauty,Large Envelope,FBA,12.80 x 3.40 x 4.10 cm,0.05,N/A,"Apr 2, 2026",,No,3,"Dalian Zhouxiang Trading Co., Ltd."
72,"Grahams Natural Face & Eyelid Eczema Cream - Treatment for Eczema, Dermatitis, Itch Relief, Redness, Inflammation & Very Dry Skin - with Colloidal Oatmeal - Hypoallergenic & Steroid-Free, 50g",B0D6GTXQBL,Cream,https://www.amazon.co.uk/dp/B0D6GTXQBL?psc=1,https://m.media-amazon.com/images/I/71pFZHSJ4FL._AC_SY355_.jpg,Grahams Natural,13.32,217,154,100,"4,672.13","2,759.22",191,"18,806",GB,5.38,2,4,376,10,8,Grahams Natural Alternatives,Beauty,Extra Large Envelope,FBA,14.80 x 4.40 x 4.50 cm,0.07,N/A,"Oct 18, 2024",,No,21,Grahams Natural Alternatives
57,"Eucerin AtoControl Rich Calming Lotion 250ml, Soothing Body Moisturiser to Target Effects of Atopic Dermatitis and Eczema, Unscented Body Lotion for Softer, Soothed Skin",B0052ECC1Y,Cream,https://www.amazon.co.uk/dp/B0052ECC1Y?psc=1,https://m.media-amazon.com/images/I/61wPChTZjyL._AC_SX342_.jpg,Eucerin,13.67,158,158,100,"2,595.30","2,595.28",169,"21,527",GB,N/A,8,4.6,76,8,1,TRADEZ GLOBAL LTD,Beauty,Large Envelope,MFN,20.20 x 4.00 x 7.40 cm,0.3,N/A,"May 24, 2011",,No,182,TRADEZ GLOBAL LTD
72,"Uriage Shower Oil 1L - Face & Body Wash - Dry & Sensitive Skin - Cleanses, Nourishes, Prevents Dryness - 25% Glycerin & Extra-Rich Agents - Physiological pH - Soap-Free",B0752S69DK,Oil,https://www.amazon.co.uk/dp/B0752S69DK?psc=1,https://m.media-amazon.com/images/I/7100O6bjE-L._AC_SY355_.jpg,Uriage,20.83,777,102,N/A,"12,232.39","2,423.88",168,"5,266",GB,6.55,7,4.7,"3,315",8,70,HealthBeautyCare,Beauty,Small Parcel,MFN,23.80 x 8.10 x 8.31 cm,1.16,N/A,"Jun 15, 2017",,No,109,HealthBeautyCare
28,"HYDROMOL Bath & Shower 1000ML Emollient- Treatment of Dry Skin Conditions-Eczema, Ichthyosis and SENILE Pruritus. - 1000ML",B00JNAXSWU,Wash,https://www.amazon.co.uk/dp/B00JNAXSWU?psc=1,https://m.media-amazon.com/images/I/21ch-9oR7QL._AC_.jpg,hydromol,15.82,111,111,100,"2,142.59","2,142.60",122,"21,666",GB,6.92,4,4.6,102,1,0,HealthForY0u,Beauty,Small Parcel,MFN,24.00 x 9.91 x 9.91 cm,1.64,N/A,"Dec 31, 2011",,No,175,HealthForY0u
20,"QV Bath Oil (250 ml) Moisturising Bath Soak for Sensitive Skin, Relief from Dry Itchy Skin, Gentle pH Balanced Formula, Fragrance Free, Soap Free, Non Greasy, Noncomedogenic Bath Soak",B009P41AJW,Oil,https://www.amazon.co.uk/dp/B009P41AJW?psc=1,https://m.media-amazon.com/images/I/617yGiX-c4L._AC_SY355_.jpg,QV,4.37,"1,009",315,200,"8,654.61","2,101.10",183,"4,319",AMZ,2.88,4,4.5,826,8,8,Amazon,Beauty,Large Envelope,AMZ,14.50 x 3.80 x 8.20 cm,0.24,N/A,"Oct 21, 2012",,No,165,Amazon
60,Advanced Seborrheic Dermatitis Face Cream by HAIRO RELIEF | 100ml cream for seborrheic dermatitis,B0CYS1Y58T,Cream,https://www.amazon.co.uk/dp/B0CYS1Y58T?psc=1,https://m.media-amazon.com/images/I/61+TfWx8BXL._AC_SY355_.jpg,HAIR O,19.99,100,100,50,"2,007.12","2,007.14",97,"35,008",GB,6.51,1,4.2,94,6,0,Visit the HAIROBODY Store,Beauty,Large Envelope,FBA,13.20 x 3.40 x 3.60 cm,0.11,N/A,"Mar 21, 2024",,No,28,Visit the HAIROBODY Store
30,"Healpsorin Emollient Balm: Eczema Cream for Face. Itch Relief Cream Helps Repair Skin Barrier for Conditions Such as Eczema, Psoriasis & Dermatitis",B09W9YXSR1,Cream,https://www.amazon.co.uk/dp/B09W9YXSR1?psc=1,https://m.media-amazon.com/images/I/615BIMjnE8L._AC_SY355_.jpg,Dermz,18.33,"1,086",82,50,"17,513.05","1,813.29",147,"4,571",GB,6.24,1,4.2,447,6,0,Dermz Laboratories,Beauty,Extra Large Envelope,FBA,18.30 x 5.70 x 5.70 cm,0.28,N/A,"Mar 23, 2022",,No,52,Dermz Laboratories
38,"AproDerm® Gel 500g Pump – Highly Moisturising and Protective Gel; Suitable for Dry Skin, Dermatitis, Eczema and Psoriasis; Vegan",B01MTOCJP4,Cream,https://www.amazon.co.uk/dp/B01MTOCJP4?psc=1,https://m.media-amazon.com/images/I/51myVkAxUYL._AC_SY355_.jpg,AproDerm,7.82,184,184,100,"1,757.23","1,757.24",128,"20,069",GB,4.59,7,4.4,428,7,1,121Pharmacy,Beauty,Small Parcel,MFN,20.70 x 6.90 x 7.00 cm,0.58,N/A,"Nov 1, 2016",,No,116,121Pharmacy
62,"BioGaia Aldermis Probiotic Ointment | For Dry, Sensitive Atopic-prone Skin | Supports Baby’s Skin Microbiome | Contains Patented L. Reuteri & Plant-based Oils | Lactobacillus | Fragrance-free | 23 g",B0FMS7537H,Cream,https://www.amazon.co.uk/dp/B0FMS7537H?psc=1,https://m.media-amazon.com/images/I/61-dqPWn5jL._AC_SY355_.jpg,BioGaia,25,70,70,50,"1,750.66","1,750.66",198,"21,418",SE,6.51,1,4.3,14,10,1,BioGaia Official,Health & Personal Care,Large Envelope,FBA,11.20 x 2.90 x 3.10 cm,0.03,N/A,"Aug 18, 2025",,No,11,BioGaia Official
30,"Balneum Plus Bath Additive - Bath Oil with Lauromacrogols & SOYA Oil for Intensive Hydration, Softening & Soothing of Itchy & Dry Skin, Relaxing Bath Soak for Women & Men, 500ml (Packing May Vary)",B006EHZSDM,Oil,https://www.amazon.co.uk/dp/B006EHZSDM?psc=1,https://m.media-amazon.com/images/I/718uKXkyn1L._AC_SY355_.jpg,Balneum,6.09,210,210,100,"1,684.86","1,684.84",196,"18,936",GB,3.09,21,4.6,241,7,3,DerixOnline,Beauty,Small Parcel,MFN,19.60 x 7.00 x 7.20 cm,0.54,N/A,"May 12, 2008",,No,218,DerixOnline
29,"Balneum Medicinal Bath Oil - Nourishing SOYA Oil Emollient for Healthy Skin - Moisturises, Hydrates and Protects - Suitable for Dry Skin Conditions - for Men and Women - 500ml",B001PML7RW,Oil,https://www.amazon.co.uk/dp/B001PML7RW?psc=1,https://m.media-amazon.com/images/I/81uuinKoI4L._AC_SY355_.jpg,Balneum,8.32,157,157,100,"1,568.28","1,568.27",175,"16,658",GB,3.89,15,4.6,419,4,0,Direct Care Ltd,Beauty,Small Parcel,MFN,19.50 x 6.90 x 7.30 cm,0.54,N/A,"Jun 8, 2009",,No,205,Direct Care Ltd
48,Dexeryl Emollient Creme Dry Skin 500ml – Pack Of 2,B089ZQPTKN,Cream,https://www.amazon.co.uk/dp/B089ZQPTKN?psc=1,"https://m.media-amazon.com/images/I/51pepRWpO-L._AC_SY355_PIbundle-2,TopRight,0,0_SH20_.jpg",DEXERYL,18.32,65,65,50,"1,516.26","1,516.25",50,"36,062",GB,6.4,9,4.6,302,1,2,Direct Care Ltd,Beauty,Small Parcel,MFN,24.20 x 6.40 x 15.30 cm,1.14,N/A,"Jun 11, 2020",,No,73,Direct Care Ltd
63,"DermoTIS Sulphur 7% Cream for Oily, Acne, Seborrheic Skin Care, Removes Skin Seborrheic Scales, Exfoliating Properties, Face and Body , Unisex",B07N31BJY9,Cream,https://www.amazon.co.uk/dp/B07N31BJY9?psc=1,https://m.media-amazon.com/images/I/51j-uOeDSgL._AC_SY355_.jpg,TIS farmaceutic,8.32,143,143,100,"1,425.46","1,425.47",142,"17,713",RO,4.24,1,4.2,686,7,4,Ultra Effective,Beauty,Extra Large Envelope,FBA,11.90 x 4.20 x 4.20 cm,0.06,N/A,"Jan 24, 2019",,No,90,Ultra Effective
52,"Anti Fungal Skin Cream，Psoriasis and Eczema Soothing Ointment, Dermatitis and Anti-Itch Ointment for Dry, Itchy, Rough, Peeling Skin, Fungal Infections Rapid Absorption Repair",B0FDL5CBVD,Cream,https://www.amazon.co.uk/dp/B0FDL5CBVD?psc=1,https://m.media-amazon.com/images/I/71LTK6klC4L._AC_SY355_.jpg,MINSHZEE,6.66,182,182,100,"1,317.38","1,317.39",175,"16,488",CN,1.92,1,3.8,25,7,3,zhouzuojin,Health & Personal Care,Standard Envelope,FBA,12.70 x 2.20 x 3.20 cm,0.03,N/A,"Mar 27, 2026",,No,4,zhouzuojin
38,ISDIN Nutratopic Pro-AMP Protective facial cream (50ml) | Helps improve all the symptoms associated with atopic skin,B00D3HXTBO,Cream,https://www.amazon.co.uk/dp/B00D3HXTBO?psc=1,https://m.media-amazon.com/images/I/71O-b+F0mJL._AC_SX342_.jpg,,18.69,60,60,N/A,"1,189.19","1,189.19",116,"8,496",ES,6.46,2,4.7,"1,843",1,17,Amazon,Baby Products,Large Envelope,MFN,11.40 x 4.00 x 5.10 cm,0.06,N/A,"Dec 10, 2011",,No,175,Amazon
