"Display Order","Product Details","ASIN","URL","Image URL","Brand","Price  £","Parent Level Sales","ASIN Sales","Recent Purchases","Parent Level Revenue","ASIN Revenue","Title Char. Count","BSR","Seller Country/Region","Fees  £","Active Sellers","Ratings","Review Count","Images","Review velocity","Buy Box","Category","Size Tier","Fulfillment","Dimensions","Weight","ABA Most Clicked","Creation Date","Sponsored","Best Seller","Seller Age (mo)","Seller"
9.,"E45 Dermatitis Cream 50 ml to Treat Symptoms of Dermatitis or Eczema – Relieve Itching and Reduce Inflammation and Redness - Anti-Inflammatory Eczema & Dermatitis Cream - Steroid Free","B07X1QJ4XJ","https://www.amazon.co.uk/dp/B07X1QJ4XJ?psc=1","https://m.media-amazon.com/images/I/51ijS7NLpCL._AC_SY355_.jpg","E45",11.66,780,780,700,"11,040.13","11,040.13",183,"5,603","GB",4.55,13,4.5,"1,307",6,10,"Your carer 007","Beauty","Large Envelope","MFN","13.50 x 3.40 x 3.60 cm",0.1,"N/A","Aug 10, 2019",,"No",83,"Your carer 007"
10.,"Antifungal Cream for Scalp & Body Skin: Suitable for Athletes Foot, Ringworm, Jock Itch, Tinea Versicolor & Seborrheic Dermatitis, Gentle and Effective Plant-Based Formula 20g","B0GDG2XHCY","https://www.amazon.co.uk/dp/B0GDG2XHCY?psc=1","https://m.media-amazon.com/images/I/71n6k2WRouL._AC_SY355_.jpg","Kopa Haiku",8.32,"9,514","9,514","7,000","109,590.6","109,590.6",175,299,"CN",2.02,2,4.8,497,7,51,"Golden-Link","Health & Personal Care","Standard Envelope","FBA","13.80 x 2.40 x 4.10 cm",0.03,"N/A","Dec 31, 2025",,"No",7,"Golden-Link"
16.,"E45 Itch Relief Cream 500g – Treatment for Eczema, Dry Skin, Dermatitis and Itchy Skin – Instant 24-Hour Hydration with Urea for Moisture Retention - Perfume free and dermatologically tested","B001EJOHUU","https://www.amazon.co.uk/dp/B001EJOHUU?psc=1","https://m.media-amazon.com/images/I/51Y6C5624FL._AC_SY355_.jpg","E45",14.58,"6,918","6,918","5,000","115,679.98","115,679.98",190,603,"AMZ",5.72,24,4.6,"3,339",7,39,"Amazon","Health & Personal Care","Small Parcel","AMZ","21.10 x 7.80 x 8.20 cm",0.61,"N/A","Aug 6, 2008",,"No",215,"Amazon"
17.,"Seborrheic Dermatitis Face Cream: Steroid-Free Formula for Folliculitis- & Psoriasis-Prone Skin – Helps Reduce Redness, Itching & Flaking 1.7oz","B0GVTNWZKP","https://www.amazon.co.uk/dp/B0GVTNWZKP?psc=1","https://m.media-amazon.com/images/I/71XMPBWv8rL._AC_SY355_.jpg","Recuren Plus",9.99,299,299,200,"2,984.09","2,984.1",143,"9,241","CN",4.01,1,4.9,98,7,4,"Dalian Zhouxiang Trading Co., Ltd.","Beauty","Large Envelope","FBA","12.80 x 3.40 x 4.10 cm",0.05,"N/A","Apr 2, 2026",,"No",3,"Dalian Zhouxiang Trading Co., Ltd."
18.,"Seborrheic Dermatitis & Psoriasis Face Cream: Soothing Natural Formula Treatment for Face, Scalp & Chest with 12 Botanical Extracts, Ceramides & Shea Butter – Steroid-Free","B0G1YP8QLG","https://www.amazon.co.uk/dp/B0G1YP8QLG?psc=1","https://m.media-amazon.com/images/I/71qZOXLOolL._AC_SY355_.jpg","Kopa Haiku",16.66,581,581,500,"10,403.48","10,403.5",171,"7,338","CN",5.76,2,4.8,204,7,25,"Golden-Link","Beauty","Large Envelope","FBA","12.30 x 3.20 x 4.00 cm",0.07,"N/A","Nov 12, 2025",,"No",8,"Golden-Link"
23.,"Antibacterial Cream, Eczema Cream, Itch Relief Cream Fast Relief for Dermatitis Itchy Rashes, Psoriasis Ointment Relieves Itchy Skin","B0GRTY5TC1","https://www.amazon.co.uk/dp/B0GRTY5TC1?psc=1","https://m.media-amazon.com/images/I/61R5QjekiNL._AC_SY355_.jpg","MUPMEN",9.99,"2,190","2,190","1,000","21,881.22","21,881.21",132,"2,071","CN",3.05,1,4,23,7,11,"huiru","Health & Personal Care","Standard Envelope","FBA","12.90 x 1.90 x 3.10 cm",0.03,"N/A","Mar 9, 2026",,"No",4,"huiru"
24.,"Doublebase Dry Skin Emollient. Clinically Proven Moisturiser for Eczema, Psoriasis and Dermatitis Treatment. Body Cream for Dry Skin Relief, 100g Tube","B084F57JWZ","https://www.amazon.co.uk/dp/B084F57JWZ?psc=1","https://m.media-amazon.com/images/I/61aiWWIBnCL._AC_SY355_.jpg","Doublebase",4.37,"9,003","1,741","2,000","66,036.42","9,096.84",150,240,"AMZ",2.88,9,4.6,"8,894",9,45,"Amazon","Beauty","Large Envelope","AMZ","17.30 x 3.20 x 5.40 cm",0.11,"N/A","Feb 1, 2020",,"No",77,"Amazon"
29.,"Zinc and Calendula Cream 100% Natural - for perioral dermatitis, rosacea, acne, nappy rash cream, spots, blemishes, breakouts, rashes (30ml)","B073NPTX28","https://www.amazon.co.uk/dp/B073NPTX28?psc=1","https://m.media-amazon.com/images/I/71tqJ3domdL._AC_SY355_.jpg","Lyonsleaf",10.82,807,747,600,"11,602.5","9,709.04",140,"4,733","GB",5.64,1,4.3,"1,082",9,8,"Lyonsleaf","Beauty","Extra Large Envelope","FBA","5.21 x 4.19 x 4.39 cm",0.08,"N/A","Jul 2, 2017",,"No",108,"Lyonsleaf"
30.,"Seborrheic Dermatitis Cream 150ml | Skin Care | Moisturising Formula for Dry, Flaky & Itchy Skin | Hydrates, Softens & Comforts Skin","B0FCNNZZG4","https://www.amazon.co.uk/dp/B0FCNNZZG4?psc=1","https://m.media-amazon.com/images/I/61DNAI968RL._AC_SY355_.jpg","Natures Relief Co",13.32,275,275,200,"4,399.37","4,399.36",132,"15,601","GB",6.2,1,3.7,130,7,10,"PD & MP Trading Limited","Beauty","Small Parcel","FBA","12.20 x 7.90 x 10.80 cm",0.16,"N/A","Nov 4, 2025",,"No",8,"PD & MP Trading Limited"
34.,"Pinewoods Fast Acting Hydrocortisone Cream 1% w/w Bite and Sting Cream, Mosquito and Bee Sting Treatment, Itchy Skin and Redness Solution, 3 x 10g Tubes for Eczema and Irritation","B0DLWWBP7D","https://www.amazon.co.uk/dp/B0DLWWBP7D?psc=1","https://m.media-amazon.com/images/I/61-xpHOCDxL._AC_SY355_PIbundle-3,TopRight,0,0_SH20_.jpg","Generic",6.62,"4,981","4,981","4,000","40,552.51","40,552.54",178,291,"GB",1.94,2,4.6,"1,943",8,39,"Asrev Healthcare","Health & Personal Care","Standard Envelope","FBA","10.10 x 2.40 x 9.70 cm",0.06,"N/A","Nov 4, 2024",,"No",20,"Asrev Healthcare"
35.,"Eurax Itch Relief Cream, Hydrating Relief from Itchy & Irritated Skin, Alleviates Itching from Rashes, Eczema, Dermatitis & Chickenpox, Dermatologist Recommended, Contains Crotamiton, 1 x 100g","B001IC5TLE","https://www.amazon.co.uk/dp/B001IC5TLE?psc=1","https://m.media-amazon.com/images/I/51in1vIDyBL._AC_SX355_.jpg","Eurax",5.03,"13,379","12,423","9,000","79,254.11","75,910.83",192,52,"AMZ",3.51,14,4.5,"15,595",6,82,"Amazon","Pet Supplies","Large Envelope","AMZ","18.50 x 3.90 x 4.80 cm",0.12,"N/A","Oct 15, 2008",,"No",213,"Amazon"
36.,"RoyceDerm Seborrheic Dermatitis Face Cream","B0FDT97MXD","https://www.amazon.co.uk/dp/B0FDT97MXD?psc=1","https://m.media-amazon.com/images/I/71fPLan435L._AC_SY355_.jpg","Roycederm",18.54,250,250,200,"6,613.88","6,613.9",42,"12,027","US",6.32,1,4.2,186,7,18,"RAINBLESSINGS","Beauty","Extra Large Envelope","FBA","9.90 x 5.20 x 7.70 cm",0.19,"N/A","Sep 10, 2025",,"No",10,"RAINBLESSINGS"
37.,"Cream for Psoriasis, Eczema, Rosacea and Dermatitis - Reduces Dryness and Inflammation - Treatment for Itchy, Cracked and Irritated Skin - Dermatology - Healpsorin","B01M732SJK","https://www.amazon.co.uk/dp/B01M732SJK?psc=1","https://m.media-amazon.com/images/I/613sjMxu32L._AC_SY355_.jpg","Dermz",13.32,"1,086",727,600,"17,513.05","11,627.04",163,"4,571","GB",5.34,2,4.1,"4,223",7,7,"Dermz Laboratories","Beauty","Extra Large Envelope","FBA","12.20 x 4.20 x 4.50 cm",0.07,"N/A","Nov 22, 2016",,"No",116,"Dermz Laboratories"
38.,"Doublebase Dry Skin Emollient. Clinically Proven Moisturiser for Eczema, Psoriasis and Dermatitis Treatment. Body Cream for Dry Skin Relief (Packaging May Vary), 250g Pump Pack","B084F578HM","https://www.amazon.co.uk/dp/B084F578HM?psc=1","https://m.media-amazon.com/images/I/61jdH2RoO0L._AC_SY355_.jpg","Doublebase",6.53,"9,003","7,263","5,000","66,036.42","56,939.57",176,237,"AMZ",4.12,10,4.6,"8,894",8,43,"Amazon","Beauty","Small Parcel","AMZ","19.10 x 6.70 x 6.90 cm",0.36,"N/A","Feb 1, 2020",,"No",77,"Amazon"
39.,"Epaderm, Cream, 50 gram | Including Eczema and Psoriasis","B003ZTASQO","https://www.amazon.co.uk/dp/B003ZTASQO?psc=1","https://m.media-amazon.com/images/I/61FMuXUME8L._AC_SY355_.jpg","Epaderm",3.04,"5,786","3,823","3,000","30,459.64","12,721.7",56,474,"AMZ",2.98,16,4.7,"3,325",9,37,"Amazon","Beauty","Extra Large Envelope","AMZ","9.20 x 4.50 x 4.60 cm",0.09,"N/A","Aug 16, 2010",,"No",191,"Amazon"
40.,"E45 Itch Relief Cream 50 g – Anti Itch Cream for Skin Irritation – Non-Greasy E45 Cream to Relieve Itching – Eczema Dermatitis Cream – Instantly Soothes and Calms Skin - E45 for Itching","B01BKO8B4G","https://www.amazon.co.uk/dp/B01BKO8B4G?psc=1","https://m.media-amazon.com/images/I/51AfMQl0MDL._AC_SY355_.jpg","E45",3.54,"5,006","5,006","2,000","24,428.56","24,428.57",185,950,"GB",2.71,17,4.5,"1,950",8,27,"ESSO RETAIL & WHOLESALE","Health & Personal Care","Large Envelope","MFN","14.30 x 3.70 x 4.30 cm",0.07,"N/A","Feb 8, 2016",,"No",125,"ESSO RETAIL & WHOLESALE"
41.,"3PCS Antifungal Cream, Anti Itch Cream Soothing Ointment, for Sensitive Skin, Helps Soothe Skin Discomfort, Moisturize Skin and Supports Skin Wellness","B0DGLL9YY6","https://www.amazon.co.uk/dp/B0DGLL9YY6?psc=1","https://m.media-amazon.com/images/I/71Zm-wJg7zL._AC_SY355_PIbundle-3,TopRight,0,0_SH20_.jpg","Yasinxian",8.32,57,57,"N/A",564.29,564.3,150,"25,926","CN",2.96,1,4.1,43,7,0,"Chike Ltd","Beauty","Large Envelope","FBA","14.20 x 2.70 x 14.20 cm",0.1,"N/A","Sep 10, 2024",,"No",22,"Chike Ltd"
42.,"E45 Cream for Dry & Sensitive Skin - Clinically Proven Moisturiser for Eczema, Dermatitis & Irritation - Dermatologically Tested Non-Greasy Body, Face & Hand Care, 350g","B001RYUCQ0","https://www.amazon.co.uk/dp/B001RYUCQ0?psc=1","https://m.media-amazon.com/images/I/51K890yY6yL._SY342_.jpg","E45",8.32,"12,712","1,015",500,"119,302.65","10,137.82",168,180,"GB",3.89,21,4.7,"13,400",9,84,"Yogichem Ltd",,"Small Parcel","MFN","11.40 x 10.60 x 11.00 cm",0.41,"N/A","Nov 12, 2015",,"No",128,"Yogichem Ltd"
43.,"AproDerm® Colloidal Oat Cream 500ml Pump – Paraffin Free, Vegan, 2-in-1 Moisturiser and Soap Substitute for Dry Skin, Eczema, Dermatitis and Psoriasis","B07QK1K57J","https://www.amazon.co.uk/dp/B07QK1K57J?psc=1","https://m.media-amazon.com/images/I/51UzFQghmtL._AC_SY355_.jpg","AproDerm",8.32,"4,346","4,346","3,000","43,419.18","43,419.18",150,763,"GB",3.84,8,4.6,"4,391",6,15,"Fontus Health Ltd","Beauty","Small Parcel","FBA","20.80 x 7.29 x 8.31 cm",0.58,"N/A","May 24, 2016",,"No",122,"Fontus Health Ltd"
44.,"Doublebase Flare Relief Emollient for the Treatment and Relief of Dry Skin Conditions such as Eczema and Psoriasis and Dermatitis (Packaging May Vary), 500g Pump Pack","B084ZR8RV6","https://www.amazon.co.uk/dp/B084ZR8RV6?psc=1","https://m.media-amazon.com/images/I/71t9OK5k-rL._AC_SY355_.jpg","Doublebase",10,"3,411","3,411","2,000","42,977.67","42,977.67",166,"1,334","AMZ",4.98,2,4.5,"3,995",8,29,"Amazon","Health & Personal Care","Small Parcel","AMZ","22.35 x 8.20 x 8.30 cm",0.63,"N/A","Feb 12, 2020",,"No",77,"Amazon"
45.,"E45 Itch Relief Cream 100g – Anti Itch Cream for Skin Irritation – Non-Greasy E45 Cream to Relieve Itching – Eczema Dermatitis Cream – Instantly Soothes and Calms Skin","B001PMM1LI","https://www.amazon.co.uk/dp/B001PMM1LI?psc=1","https://m.media-amazon.com/images/I/61ExjvlqiSL._AC_SY355_.jpg","E45",5.27,"2,268","2,175","1,000","20,229.89","17,633.68",167,"1,383","AMZ",3.16,13,4.5,"8,402",8,11,"Amazon","Health & Personal Care","Extra Large Envelope","AMZ","15.60 x 4.90 x 5.70 cm",0.13,"N/A","Aug 21, 2008",,"No",215,"Amazon"
46.,"100ml Emollient Cream for Eczema Psoriasis Dermatitis – Soothing Hydrating Relief for Itchy Irritated Skin – Protective Layer Moisturiser – Suitable All Ages","B0FKTBJPW5","https://www.amazon.co.uk/dp/B0FKTBJPW5?psc=1","https://m.media-amazon.com/images/I/412iE4AgjDL._AC_SY355_.jpg","AECECI",7.49,525,525,400,"5,441.54","5,441.53",157,"5,877","CN",2.9,2,4.5,71,6,8,"MASHANGYOU","Health & Personal Care","Large Envelope","FBA","14.80 x 3.80 x 6.10 cm",0.11,"N/A","Aug 12, 2025",,"No",11,"MASHANGYOU"
47.,"Medi Derma-S Barrier Cream Tube 90g for Gentle Barrier Protection on Intact Skin or for Mild Skin Damage-for Use During Episodes of Incontinence","B0174RMU1S","https://www.amazon.co.uk/dp/B0174RMU1S?psc=1","https://m.media-amazon.com/images/I/51G5g4kVOpL._AC_SY355_.jpg","Fwoueot",7.99,"4,216","4,216","3,000","40,328.79","40,328.78",144,736,"GB",3.23,19,4.8,"1,795",6,24,"121Pharmacy","Health & Personal Care","Extra Large Envelope","MFN","17.50 x 4.10 x 4.10 cm",0.11,"N/A","Oct 25, 2015",,"No",129,"121Pharmacy"
48.,"Eczema Cream 20g，Soothes Itchy, Gentle and Relieves Itching, for Dermatitis and Psoriasis, Eczema Cream for Adults","B0FJY86PMH","https://www.amazon.co.uk/dp/B0FJY86PMH?psc=1","https://m.media-amazon.com/images/I/51PYGL5KzoL._AC_SY355_.jpg","Guuizos",7.72,471,471,400,"4,577.56","4,577.57",114,"8,016","CN",1.98,1,4.2,64,7,10,"HUAERFU EU","Health & Personal Care","Standard Envelope","FBA","13.90 x 2.40 x 4.00 cm",0.03,"N/A","Jul 25, 2025",,"No",12,"HUAERFU EU"
49.,"Advanced Seborrheic Dermatitis & Psoriasis Cream, Natural Scalp Relief Balm with Jojoba Seed Extract, Moisturizing, Soothed Scalp, Itching & Flaking, Beard Recovery Cream for All Skin Types","B0GDCV7361","https://www.amazon.co.uk/dp/B0GDCV7361?psc=1","https://m.media-amazon.com/images/I/61QkRhgKXNL._AC_SY355_.jpg","KAYZON",11.66,55,55,"N/A",769.33,769.3,189,"27,537","CN",5.08,1,4,2,9,0,"Mila-Legend","Beauty","Extra Large Envelope","FBA","6.20 x 6.00 x 6.00 cm",0.14,"N/A","Dec 31, 2025",,"No",7,"Mila-Legend"
50.,"Emollient Cream 100ml | Moisturiser for Dry Skin, Eczema, Psoriasis & Dermatitis | Steroid Free | Vegan | Fragrance Free | Suitable from Birth","B0B42M8VZ9","https://www.amazon.co.uk/dp/B0B42M8VZ9?psc=1","https://m.media-amazon.com/images/I/41FOVXurHWL._AC_SY355_.jpg","SkinrepairX",4.74,64,64,50,384.84,384.83,142,"43,206","GB",3.13,1,4.6,77,9,1,"Northumbria Health","Beauty","Extra Large Envelope","FBA","15.50 x 4.20 x 6.30 cm",0.12,"N/A","Nov 27, 2022",,"No",44,"Northumbria Health"
51.,"QV Cream with 10% Glycerin (100g) Rich Protective Moisturiser for Sensitive, Dry Skin, Fragrance Free, Noncomedogenic Body Cream, Hydrating Skin Care for Eczema, Psoriasis, Dermatitis, Tube","B009F72YUI","https://www.amazon.co.uk/dp/B009F72YUI?psc=1","https://m.media-amazon.com/images/I/61TsiFJuxGL._AC_SY355_.jpg","QV",5.83,"5,464","1,238",800,"66,599.16","8,599.93",189,663,"AMZ",3.25,6,4.6,"5,964",8,53,"Amazon","Beauty","Extra Large Envelope","AMZ","17.30 x 4.20 x 4.90 cm",0.11,"N/A","Oct 16, 2012",,"No",165,"Amazon"
52.,"Anti Fungal Skin Cream，Psoriasis and Eczema Soothing Ointment, Dermatitis and Anti-Itch Ointment for Dry, Itchy, Rough, Peeling Skin, Fungal Infections Rapid Absorption Repair","B0FDL5CBVD","https://www.amazon.co.uk/dp/B0FDL5CBVD?psc=1","https://m.media-amazon.com/images/I/71LTK6klC4L._AC_SY355_.jpg","MINSHZEE",6.66,182,182,100,"1,317.38","1,317.39",175,"16,488","CN",1.92,1,3.8,25,7,3,"zhouzuojin","Health & Personal Care","Standard Envelope","FBA","12.70 x 2.20 x 3.20 cm",0.03,"N/A","Mar 27, 2026",,"No",4,"zhouzuojin"
53.,"Cetraben Moisturising Cream, For Dry, Itchy, Sensitive & Eczema-Prone Skin, Soothe, Moisturise, Hydrate, & Protect, Dermatological Moisturiser, Daily Use on the Body, Fragrance Free, 1 x 475ml","B071VGB2LW","https://www.amazon.co.uk/dp/B071VGB2LW?psc=1","https://m.media-amazon.com/images/I/61zQxAoMkIL._AC_SY355_.jpg","Cetraben",8.87,"16,257","12,954","9,000","181,412.65","160,816.75",192,142,"AMZ",4.98,15,4.6,"9,355",9,44,"Amazon","Beauty","Small Parcel","AMZ","21.20 x 7.60 x 7.90 cm",0.61,"N/A","May 10, 2017",,"No",110,"Amazon"
54.,"Eurax Itch Relief Cream, Hydrating Relief from Itchy & Irritated Skin, Alleviates Itching from Rashes, Eczema, Dermatitis & Chickenpox, Dermatologist Recommended, Contains Crotamiton, 1 x 30g","B001RYOSM4","https://www.amazon.co.uk/dp/B001RYOSM4?psc=1","https://m.media-amazon.com/images/I/411DRQXlGSL._AC_SX355_.jpg","Eurax",2.92,"13,379",956,"2,000","79,254.11","3,343.32",191,51,"AMZ",3.46,14,4.5,"15,595",6,82,"Amazon","Pet Supplies","Large Envelope","AMZ","13.40 x 3.10 x 3.70 cm",0.04,"N/A","Feb 9, 2009",,"No",209,"Amazon"
55.,"Ultra Bee 100% Natural Exeskin Dry Itchy Skin and Scalp Balm Suitable for People Prone to Eczema, Psoriasis, Dermatitis.100ml","B00L2INI6M","https://www.amazon.co.uk/dp/B00L2INI6M?psc=1","https://m.media-amazon.com/images/I/51LsgksNVUL._AC_SY355_.jpg","Ultra Bee",16.62,626,626,600,"12,494.3","12,494.29",125,"7,088","GB",5.99,1,4.2,"1,907",11,49,"Ultra Bee","Beauty","Extra Large Envelope","MFN","7.00 x 4.90 x 5.00 cm",0.11,"N/A","Jun 17, 2014",,"No",145,"Ultra Bee"
56.,"QV Cream with 10% Glycerin (500g) Rich Protective Moisturiser for Sensitive, Dry Skin, Fragrance Free, Noncomedogenic Body Cream, Hydrating Skin Care for Eczema, Psoriasis, Dermatitis, Pump Bottle","B006WZQK60","https://www.amazon.co.uk/dp/B006WZQK60?psc=1","https://m.media-amazon.com/images/I/51pMtmvkgiL._AC_SY355_.jpg","QV",8.32,"5,464","2,736","2,000","66,599.16","30,396.48",196,663,"AMZ",4.76,8,4.6,"5,964",2,52,"Amazon","Beauty","Small Parcel","AMZ","18.60 x 8.30 x 8.30 cm",0.57,"N/A","Jun 1, 2012",,"No",169,"Amazon"
57.,"Herbal Antifungal Treatment Cream for Skin: Gentle Plant-Based Formula Suitable for Athletes Foot, Ringworm, Jock Itch, Tinea Versicolor & Seborrheic Dermatitis-Prone Skin","B0GZQ8SV65","https://www.amazon.co.uk/dp/B0GZQ8SV65?psc=1","https://m.media-amazon.com/images/I/71b6nqzNhPL._AC_SY355_.jpg","Kopa Haiku",8.32,"1,272","1,272","1,000","18,095.1","18,095.12",171,"2,604","CN",3.19,2,4.8,96,7,14,"FreshLui","Health & Personal Care","Extra Large Envelope","FBA","5.30 x 4.20 x 5.20 cm",0.11,"N/A","Jan 16, 2026",,"No",6,"FreshLui"
58.,"Zerobase Emollient Cream 500g - Pack of 2","B0174SDNOK","https://www.amazon.co.uk/dp/B0174SDNOK?psc=1","https://m.media-amazon.com/images/I/61l32zd7GpL._AC_SY355_PIbundle-2,TopRight,0,0_SH20_.jpg","Zerobase",16.66,"1,086","1,086",800,"20,661.68","20,661.67",41,"4,307","GB",6.21,18,4.8,834,1,1,"HealthCare - EU","Beauty","Small Parcel","MFN","22.50 x 8.10 x 17.09 cm",1.24,"N/A","Oct 25, 2015",,"No",129,"HealthCare - EU"
59.,"Dermatitis Treatment Cream, Scalp Psoriasis Moisturizing Cream, Seborrheic Dermatitis Scalp Treatment Face Cream, Seborrheic Keratosis Removal, for All Skin Types","B0GFHB917X","https://www.amazon.co.uk/dp/B0GFHB917X?psc=1","https://m.media-amazon.com/images/I/71O0SWko5YL._AC_SY355_PIbundle-2,TopRight,0,0_SH20_.jpg","PGonline",5.82,69,69,50,481.18,481.17,162,"55,468","CN",3.27,1,3.5,5,6,3,"PGonline","Beauty","Small Parcel","FBA","6.70 x 6.30 x 6.70 cm",0.13,"N/A","Jan 8, 2026",,"No",6,"PGonline"
60.,"Advanced Seborrheic Dermatitis Face Cream by HAIRO RELIEF | 100ml cream for seborrheic dermatitis","B0CYS1Y58T","https://www.amazon.co.uk/dp/B0CYS1Y58T?psc=1","https://m.media-amazon.com/images/I/61+TfWx8BXL._AC_SY355_.jpg","HAIR O",19.99,100,100,50,"2,007.12","2,007.14",97,"35,008","GB",6.51,1,4.2,94,6,0,"Visit the HAIROBODY Store","Beauty","Large Envelope","FBA","13.20 x 3.40 x 3.60 cm",0.11,"N/A","Mar 21, 2024",,"No",28,"Visit the HAIROBODY Store"
61.,"iShanCare® Eczema Cream, Maximum Strength Treatment Ointment for Psoriasis, Dermatitis, Rash, Infection, Jock Itch, Athletes Foot, Anti Itch, Relief for Redness, Irritated Skin, 1.77 Oz","B0CRCYMMLM","https://www.amazon.co.uk/dp/B0CRCYMMLM?psc=1","https://m.media-amazon.com/images/I/61bImrRKaLL._AC_SY355_.jpg","ishancare",15.99,252,206,100,"4,526.73","3,295.77",185,"12,805","CN",5.57,1,4.1,165,7,4,"iShanCare","Health & Personal Care","Large Envelope","FBA","14.10 x 3.40 x 4.60 cm",0.07,"N/A","Jan 3, 2024",,"No",30,"iShanCare"
62.,"Cetraben Dermatological Emollient Cream, Dry or Chapped Skin, SLS and Paraben Free, Fragrance Free, 500 g","B003BK69BA","https://www.amazon.co.uk/dp/B003BK69BA?psc=1","https://m.media-amazon.com/images/I/51tsQHJg54L._AC_SY355_.jpg","Cetraben",10.24,"2,115","1,580","1,000","32,089.31","18,606.18",105,"2,233","AMZ",5.61,13,4.7,"4,460",4,10,,"Beauty","Small Parcel","AMZ","29.11 x 8.38 x 19.71 cm",0.56,"N/A","Jun 8, 2009",,"No",205,
63.,"DermoTIS Sulphur 7% Cream for Oily, Acne, Seborrheic Skin Care, Removes Skin Seborrheic Scales, Exfoliating Properties, Face and Body , Unisex","B07N31BJY9","https://www.amazon.co.uk/dp/B07N31BJY9?psc=1","https://m.media-amazon.com/images/I/51j-uOeDSgL._AC_SY355_.jpg","TIS farmaceutic",8.32,143,143,100,"1,425.46","1,425.47",142,"17,713","RO",4.24,1,4.2,686,7,4,"Ultra Effective","Beauty","Extra Large Envelope","FBA","11.90 x 4.20 x 4.20 cm",0.06,"N/A","Jan 24, 2019",,"No",90,"Ultra Effective"
64.,"Clever Soap 0.5% Piroctone Olamine Face & Body Cream - Helps Prevent Flare-Ups - Suitable For Seborrheic Dermatitis, Psoriasis, Acne, Dry & Oily, Sensitive Skin - Fragrance & Oil Free, For Men & Women","B0CFB888KB","https://www.amazon.co.uk/dp/B0CFB888KB?psc=1","https://m.media-amazon.com/images/I/61tRdmHTw0L._AC_SY355_.jpg","Clever Soap",8.32,"5,315","5,315","3,000","53,092.35","53,092.33",200,705,"GB",2.47,1,4.3,164,8,14,"Clever Soap","Beauty","Standard Envelope","FBA","6.60 x 2.40 x 6.40 cm",0.08,"N/A","Aug 10, 2023",,"No",35,"Clever Soap"
65.,"ISDIN Nutradeica Facial Gel Cream 50ml | For Seborrheic Skin | Hydrates, Soothes and Matifies skin","B00J5FWHQ6","https://www.amazon.co.uk/dp/B00J5FWHQ6?psc=1","https://m.media-amazon.com/images/I/51LWbFGIEqL._AC_SX342_.jpg",,18.22,508,508,400,"11,018.38","11,018.39",98,"9,670","GB",6.14,9,4.3,"4,482",8,55,"Amazon","Beauty","Large Envelope","FBA","13.70 x 3.70 x 4.70 cm",0.07,"N/A","Sep 28, 2015",,"No",130,"Amazon"
66.,"Seborrheic Dermatitis & Psoriasis Cream, Shampoo and Conditioner Set - Scalp Therapy System for Folliculitis, Psoriasis, Dandruff, Dry Scalp - Scalp Treatment to Relieve Itching, Flaking, Irritation","B0F48W48Y1","https://www.amazon.co.uk/dp/B0F48W48Y1?psc=1","https://m.media-amazon.com/images/I/81mS9cc3pqL._AC_SY355_PIbundle-3,TopRight,0,0_SH20_.jpg","Roycederm",46.71,927,110,"N/A","25,497.35","6,502.08",198,"3,616","US",13.13,1,4.2,"1,314",9,"1,119","Joycederm Store","Beauty","Small Parcel","FBA","23.90 x 7.80 x 23.70 cm",0.97,"N/A","May 29, 2025",,"No",14,"Joycederm Store"
67.,"E45 Psoriasis Cream 50 ml – Treatment for Psoriasis Symptoms – to Reduce Scaling, Itching, Redness, Roughness, Dry, Hard Skin – Moisturising E45 Cream – Relieve Irritated Skin","B095X1T5Y5","https://www.amazon.co.uk/dp/B095X1T5Y5?psc=1","https://m.media-amazon.com/images/I/51y6y8AglEL._AC_SY355_.jpg","E45",12.22,"1,081","1,081",900,"15,136.9","15,136.9",175,"3,052","AMZ",4.55,15,4.4,903,6,11,,"Health & Personal Care","Large Envelope","AMZ","13.80 x 3.60 x 3.70 cm",0.07,"N/A","May 30, 2021",,"No",62,
68.,"AproDerm® Colloidal Oat Cream 100ml Tube – Paraffin Free, Vegan, 2-in-1 Moisturiser and Soap Substitute; Suitable for Dry Skin, Eczema, Dermatitis and Psoriasis","B08GQ99VXF","https://www.amazon.co.uk/dp/B08GQ99VXF?psc=1","https://m.media-amazon.com/images/I/41kgL+ITz-L._AC_SY355_.jpg","AproDerm",4.16,620,620,500,"3,096.05","3,096.04",160,"5,805","GB",2.82,4,4.5,572,6,7,"Fontus Health Ltd","Beauty","Large Envelope","FBA","15.80 x 3.70 x 5.70 cm",0.11,"N/A","Aug 26, 2020",,"No",71,"Fontus Health Ltd"
69.,"Hydromol Ointment - Intensive Emollient for Very Dry, Itchy Skin – For Psoriasis, Flare-prone Eczema & Dermatitis - Helps Protect & Prevent Moisture Loss - 50g Tub","B003NTAWRG","https://www.amazon.co.uk/dp/B003NTAWRG?psc=1","https://m.media-amazon.com/images/I/91kgqt93zhL._AC_SY355_.jpg","hydromol",3.52,"2,673","1,195",800,"16,283.45","5,926.44",163,"1,435","AMZ",3.03,1,4.5,"1,078",5,28,"Amazon","Health & Personal Care","Extra Large Envelope","AMZ","7.30 x 5.70 x 5.80 cm",0.07,"N/A","Aug 31, 2021",,"No",59,"Amazon"
70.,"PURESKIN Psoriasis and Folliculitis Treatment Cream - Fast Relief for Scalp Psoriasis, Dandruff, Seborrheic Dermatitis - Stops Itching, Flaking & Redness – Cooling Mint Formula, Non-Greasy, 3.4 oz","B0D7BXG5F2","https://www.amazon.co.uk/dp/B0D7BXG5F2?psc=1","https://m.media-amazon.com/images/I/6168iYrwENL._AC_SY355_.jpg","Pureskin",15.57,363,363,200,"7,612.22","7,612.21",196,"9,076","US",6.6,2,4,361,7,1,"Clock Dream","Beauty","Small Parcel","FBA","7.60 x 6.70 x 7.60 cm",0.17,"N/A","Jun 19, 2024",,"No",25,"Clock Dream"
71.,"Calvris Seborrheic Dermatitis & Psoriasis Treatment Cream, Calvris Beard Recovery Cream, Natural Psoriasis Scalp Relief cream, for Soft and Soothed Scalp and Skin, for All Skin Types (1)","B0G4X2PB8G","https://www.amazon.co.uk/dp/B0G4X2PB8G?psc=1","https://m.media-amazon.com/images/I/61kbJGtEMUL._AC_SY355_.jpg","SynthaFlora",14.99,38,34,"N/A",611.99,513.74,186,"45,116","CN","N/A",1,"N/A",0,7,0,"SONGYUNJIE","Beauty","N/A","MFN","N/A","N/A","N/A","Dec 3, 2025",,"No",7,"SONGYUNJIE"
72.,"Grahams Natural Face & Eyelid Eczema Cream - Treatment for Eczema, Dermatitis, Itch Relief, Redness, Inflammation & Very Dry Skin - with Colloidal Oatmeal - Hypoallergenic & Steroid-Free, 50g","B0D6GTXQBL","https://www.amazon.co.uk/dp/B0D6GTXQBL?psc=1","https://m.media-amazon.com/images/I/71pFZHSJ4FL._AC_SY355_.jpg","Grahams Natural",13.32,217,154,100,"4,672.13","2,759.22",191,"18,806","GB",5.38,2,4,376,10,8,"Grahams Natural Alternatives","Beauty","Extra Large Envelope","FBA","14.80 x 4.40 x 4.50 cm",0.07,"N/A","Oct 18, 2024",,"No",21,"Grahams Natural Alternatives"