Display Order,Product Details,ASIN,Country,Pack,URL,Image URL,Brand,Price €,Parent Level Sales,ASIN Sales,Recent Purchases,Parent Level Revenue,ASIN Revenue,Title Char. Count,BSR,Seller Country/Region,Fees €,Active Sellers,Ratings,Review Count,Images,Review velocity,Buy Box,Category,Size Tier,Fulfillment,Dimensions,Weight,ABA Most Clicked,Creation Date,Sponsored,Best Seller,Seller Age (mo),Seller
6,"Super Ninja Indoor Kitchen Gnat Traps - Set of 4 Indoor Gnat Catchers for Home, 3 Weeks of Action, Safe for Children and Animals, Not Suitable for Potting Gnats",B09SLX6GQS,FR,4,https://www.amazon.fr/dp/B09SLX6GQS?psc=1,https://m.media-amazon.com/images/I/91YJMs3bj2L._AC_SY355_.jpg,Super Ninja,14.08,"2,305","2,183","1,000","41,970.32","37,093.94",160,96,NL,6.94,1,3,"12,095",8,400,Super Ninja ECO,Garden,Large Envelope,FBA,13.00 x 3.40 x 7.40 cm,0.12,N/A,"Apr 8, 2022",,No,51,Super Ninja ECO
7,"Super Ninja Indoor Kitchen Gnat Traps - Set of 2 Indoor Gnat Catchers for Home, 3 Weeks of Action, Safe for Children and Animals, Not Suitable for Potting Gnats",B0963J155G,FR,2,https://www.amazon.fr/dp/B0963J155G?psc=1,https://m.media-amazon.com/images/I/91Spn2t+jcL._AC_SY355_.jpg,Super Ninja,9.95,"1,601","1,601",600,"19,201.04","19,201.05",160,397,NL,6.75,1,3,"21,183",8,332,Super Ninja ECO,Garden,Large Envelope,FBA,12.90 x 3.10 x 7.50 cm,0.06,N/A,"Sep 2, 2021",,No,58,Super Ninja ECO
28,"Super Ninja Indoor Kitchen Gnat Traps - Set of 2 Indoor Gnat Catchers for Home, 3 Weeks of Action, Safe for Children and Animals, Not Suitable for Potting Gnats",B0130J6YGG,FR,2,https://www.amazon.fr/dp/B0130J6YGG?psc=1,https://m.media-amazon.com/images/I/81NzMP3BjhL._AC_SY355_.jpg,Super Ninja,8.28,"1,643","1,391",500,"20,827.55","15,286.05",160,235,NL,6.6,1,3,"1,271",7,106,Super Ninja ECO,Garden,Large Envelope,FBA,12.70 x 3.40 x 7.20 cm,0.06,N/A,"May 16, 2025",,No,14,Super Ninja ECO
43,"10 x bait for fly traps, fly traps, fly baits | Fly Trap, Effective Fly Trap, Fruit Fly Traps for Indoor, Home, Kitchen, Outdoor",B0CXP6H6P2,FR,10,https://www.amazon.fr/dp/B0CXP6H6P2?psc=1,https://m.media-amazon.com/images/I/81bDYyBwAnL._AC_SY355_.jpg,TaimeiMao,8.99,297,297,50,"2,665.77","2,665.75",128,"1,802",GB,3.02,1,3.3,154,7,11,LIJINTU LIMITED,Garden,Standard Envelope,FBA,14.00 x 2.40 x 12.30 cm,0.05,N/A,"Feb 11, 2025",,No,17,LIJINTU LIMITED
15,"K.PRO Fruit Fly Trap | Eradic fruit flies, vinegar flies, insecticide-free, food attractant, 8 weeks effectiveness",B07N9LHN6R,FR,1,https://www.amazon.fr/dp/B07N9LHN6R?psc=1,https://m.media-amazon.com/images/I/71PaYWysWyL._AC_SY355_.jpg,K.PRO,6.49,168,168,50,"1,308.55","1,308.54",114,"3,551",AMZ,5.48,2,3.4,100,7,0,Amazon,Garden,Extra Large Envelope,AMZ,14.40 x 4.70 x 8.90 cm,0.07,N/A,"Jan 31, 2019",,No,90,Amazon
21,Novokill Fruit Gnatting Bait Refill - 100ml Liquid - Fruit Fly Trap - Fruit Fly Trap - Fruit Fly Trap - Fruit Fly Refill - Natural Fruit Fly Insecticide,B0GXG1FFVZ,FR,1,https://www.amazon.fr/dp/B0GXG1FFVZ?psc=1,https://m.media-amazon.com/images/I/51hdtgR-ILL._SX342_.jpg,Novokill,14.99,463,125,N/A,"8,274.06","2,244.13",152,"3,883",DE,7.16,1,4,386,8,20,kæferling,Garden,Large Envelope,FBA,14.90 x 4.00 x 10.10 cm,0.13,N/A,"Apr 16, 2026",,No,3,kæferling
19,"Fruit Gnat Trap, 2 x Fly Traps + 2 x 30 ml Bait | Indoor Fly Trap, Anti Gnat for Kitchen, Reusable, Indoor Gnat Catcher",B0DZ2K89C5,FR,2,https://www.amazon.fr/dp/B0DZ2K89C5?psc=1,https://m.media-amazon.com/images/I/610zO7yLh5L._AC_SY355_.jpg,DONCOO,12.99,25,25,N/A,328.33,328.35,119,"10,980",GB,4.3,1,2.7,12,7,N/A,ZHANGYUMEI LIMITED,Garden,Extra Large Envelope,FBA,19.30 x 5.70 x 14.20 cm,0.15,N/A,"May 1, 2025",,No,14,ZHANGYUMEI LIMITED
54,"2 Fruit Fly Traps+ 8 Green Insect Traps + 30 ml Bait | Indoor Fruit Flies, Anti Kitchen Gnats, for Flower Pots, Balconies, Yards, Orchards",B0DY1D64KF,FR,2,https://www.amazon.fr/dp/B0DY1D64KF?psc=1,https://m.media-amazon.com/images/I/71wFdeSKejL._AC_SY355_.jpg,Henjunu,9.99,22,22,N/A,214.8,214.81,138,"54,713",GB,5.17,1,3.2,21,7,2,CHENJUNHUA LIMITED,Garden,Small Parcel,FBA,15.20 x 6.50 x 7.40 cm,0.1,N/A,"May 2, 2025",,No,14,CHENJUNHUA LIMITED
29,"PIC Fruit Fly Trap, 4 x Glue Fly Catcher with 2 Attractants | Non-toxic and insecticide-free, effective for up to 8 weeks, ideal indoors near food",B07PN3XFD5,FR,2,https://www.amazon.fr/dp/B07PN3XFD5?psc=1,https://m.media-amazon.com/images/I/81dJbzpgx7L._AC_SY355_.jpg,PIC,13.98,18,18,N/A,297.42,297.43,146,"18,582",DE,7.26,1,3.2,317,7,0,UE-SHOP,Garden,Extra Large Envelope,FBA,21.40 x 4.40 x 19.30 cm,0.21,N/A,"Jun 23, 2019",,No,85,UE-SHOP
26,Novokill 2 x Fruit Fly Traps for Kitchen - Effective Up to 5 Weeks Per Trap - For Indoor Use - Leak Proof System,B0GWMT3CVH,FR,2,https://www.amazon.fr/dp/B0GWMT3CVH?psc=1,https://m.media-amazon.com/images/I/716oMzp9gnL._SX342_.jpg,Novokill,9.99,7,7,N/A,84.86,84.85,112,"27,960",DE,6.17,1,3.2,39,9,19,kæferling,Garden,Extra Large Envelope,FBA,18.00 x 4.80 x 10.60 cm,0.07,N/A,"Apr 9, 2026",,No,3,kæferling
58,RIEM - Ti-Tox Fruit Fly Trap 1 Trap + 3 Refills - Fruit Fly Trap and Refills - Insecticide Free - Effective up to 12 weeks,B0D1BS33VC,FR,1,https://www.amazon.fr/dp/B0D1BS33VC?psc=1,https://m.media-amazon.com/images/I/71xWcxfhgiL._SX342_.jpg,Riem,6.25,7,7,N/A,49.97,49.96,122,"28,634",AMZ,4.3,1,3.5,3,5,0,Amazon,Garden,Extra Large Envelope,AMZ,13.00 x 6.70 x 4.20 cm,0.08,N/A,"Apr 10, 2024",,No,27,Amazon
59,AEROXON - Fly trap and fruit gnats,B008M9HSK6,FR,1,https://www.amazon.fr/dp/B008M9HSK6?psc=1,https://m.media-amazon.com/images/I/61QASA8EMwL._AC_SY355_.jpg,Aeroxon,7.33,6,6,N/A,55.14,55.15,34,"90,050",AMZ,4.94,2,3.6,144,2,0,,Garden,Small Parcel,AMZ,7.20 x 11.40 x 9.00 cm,0.1,N/A,"May 10, 2017",,No,110,
33,Novokill 4X Piège Moucherons Fruits + 100ml Appât – Piège Mouche de Fruits Cuisine – Fruit Fly Trap – Réutilisable – Action Longue durée,B0H2DDLNWP,FR,4,https://www.amazon.fr/dp/B0H2DDLNWP?psc=1,https://m.media-amazon.com/images/I/71NXTo3iQQL._SX342_.jpg,Novokill,23.32,4,4,N/A,113.84,113.83,136,"24,907",DE,8.99,1,5,1,5,0,kæferling,Garden,Small Parcel,FBA,16.30 x 6.10 x 13.50 cm,0.18,N/A,"May 20, 2026",,No,2,kæferling
57,Aeroxon Fruit Fly Traps for Kitchen - Premium Fruit Fly Trap - Fruit Fly Trap for Kitchen and Indoor - Effective Up to 8 Weeks,B07CHLZQNL,FR,3,https://www.amazon.fr/dp/B07CHLZQNL?psc=1,https://m.media-amazon.com/images/I/71iYvrkaMWL._AC_SY355_.jpg,Aeroxon,26.99,4,4,N/A,113.83,113.87,126,"77,451",DE,8.84,1,4,"2,844",3,3,DeeGoods GmbH,Garden,Extra Large Envelope,FBA,26.80 x 4.60 x 14.30 cm,0.26,N/A,"Sep 3, 2018",,No,94,DeeGoods GmbH
62,Pheromone Trap + 1 Bag of Pheromones Mediterranean Fruit Fly – Mediterranean Fruit Anti-Fly Treatment,B0D6LZKGM9,FR,1,https://www.amazon.fr/dp/B0D6LZKGM9?psc=1,https://m.media-amazon.com/images/I/41ZInFq+cJL._AC_SY355_.jpg,maluttebio,24.9,3,0,N/A,42.35,11.13,101,"62,195",N/A,N/A,1,3.9,4,6,0,,Garden,N/A,MFN,N/A,N/A,N/A,"Jun 17, 2024",,No,25,
6.1.,"Super Ninja Indoor Kitchen Gnat Traps - Pack of 12 Indoor Gnat Catchers for Home, 3 Weeks of Action, Safe for Children and Animals, Not Suitable for Potting Gnats",B0C6M6DB5H,FR,12,https://www.amazon.fr/dp/B0C6M6DB5H?psc=1,https://m.media-amazon.com/images/I/91qn+61uo1L._AC_SY355_.jpg,Super Ninja,33.28,"2,305",122,50,"41,970.32","4,876.38",162,96,N/A,10.97,1,3,"12,095",8,400,Super Ninja ECO,Garden,Small Parcel,FBA,12.50 x 6.70 x 11.20 cm,0.35,N/A,"Aug 16, 2023",,No,35,Super Ninja ECO
28.1.,"Super Ninja Indoor Kitchen Gnat Traps - Pack of 6 Indoor Gnat Catchers for Home, 3 Weeks of Action, Safe for Children and Animals, Not Suitable for Potting Gnats",B0DVBKLWTL,FR,6,https://www.amazon.fr/dp/B0DVBKLWTL?psc=1,https://m.media-amazon.com/images/I/81EFdA4fw2L._AC_SY355_.jpg,Super Ninja,18.25,"1,643",252,100,"20,827.55","5,541.53",161,235,N/A,5.89,1,3,"1,271",8,106,Super Ninja ECO,Garden,Extra Large Envelope,FBA,32.29 x 5.70 x 22.50 cm,0.71,N/A,"Jan 28, 2025",,No,18,Super Ninja ECO
7.1.,"Super Ninja Trappola moscerini frutta - 10 trappole adesive per moscerini piante e 2 cattura mosche della frutta, altamente efficaci, adatta a bambini e animali domestici, fino a 3 mesi di prestazioni",B0DWTR65JD,IT,2,https://www.amazon.it/dp/B0DWTR65JD?psc=1,https://m.media-amazon.com/images/I/71vMBExjnDL._SX450_.jpg,Super Ninja,14.99,466,22,N/A,"8,258.96",330.23,200,354,N/A,6.19,1,N/A,0,8,501,,,Large Envelope,FBA,18.30 x 3.80 x 13.20 cm,0.11,N/A,"May 26, 2025",,No,14,
15.1.,"Super Ninja Indoor Fruit Fly Trap - 6 Pieces, Fruit Fly Trap Effective for Home and Kitchen, Active Up to 3 Weeks, Suitable for Children and Pets",B0DVBKLWTL,IT,6,https://www.amazon.it/dp/B0DVBKLWTL?psc=1,https://m.media-amazon.com/images/I/813Io2CA8SL._AC_SY355_.jpg,Super Ninja,18.02,77,32,N/A,"1,197.83",710.92,145,"2,615",NL,7.24,1,3.6,745,8,69,Super Ninja ECO,Garden,Extra Large Envelope,FBA,32.29 x 5.70 x 22.50 cm,0.71,N/A,"Apr 18, 2025",,No,15,Super Ninja ECO
7,"Super Ninja Indoor Fruit Fly Trap - 4 Pieces, Fruit Fly Trap Effective for Home and Kitchen, Active Up to 3 Weeks, Suitable for Children and Pets",B09SLX6GQS,IT,4,https://www.amazon.it/dp/B09SLX6GQS?psc=1,https://m.media-amazon.com/images/I/91U1fmwtKVL._AC_SY355_.jpg,Super Ninja,16.99,466,427,N/A,"8,258.96","7,254.77",145,354,N/A,6.49,1,3.3,"12,291",8,423,,Garden,Large Envelope,FBA,13.00 x 3.40 x 7.40 cm,0.12,N/A,"Jul 18, 2022",,No,48,
6,"Super Ninja Indoor Fruit Fly Trap - 2 Pieces, Fruit Fly Trap Effective for Home and Kitchen, Active Up to 3 Weeks - Suitable for Children and Pets",B0963J155G,IT,2,https://www.amazon.it/dp/B0963J155G?psc=1,https://m.media-amazon.com/images/I/81MjAPzA7dL._AC_SY355_.jpg,Super Ninja,8.15,254,254,100,"3,043.42","3,043.41",146,860,NL,4.34,1,3,"21,119",8,387,Super Ninja ECO,Garden,Large Envelope,FBA,12.90 x 3.10 x 7.50 cm,0.06,N/A,"Sep 4, 2021",,No,58,Super Ninja ECO
14,"Super Ninja Indoor Fruit Fly Trap - 2 Pieces, Fruit Fly Trap Effective for Home and Kitchen, Active Up to 3 Weeks - Suitable for Children and Pets",B0DWYWN4KK,IT,2,https://www.amazon.it/dp/B0DWYWN4KK?psc=1,https://m.media-amazon.com/images/I/81MjAPzA7dL._AC_SY355_.jpg,Super Ninja,8.97,77,51,N/A,"1,197.83",558.91,146,"2,615",NL,4.28,1,3.6,745,8,61,Super Ninja ECO,Garden,Large Envelope,FBA,12.60 x 3.40 x 7.30 cm,0.07,N/A,"Apr 5, 2025",,No,15,Super Ninja ECO
31,"PIC Fruit Fly Trap, 4 Traps with 2 Attractives for Kitchen | Natural Non-Toxic Attractant Effective Up to 8 Weeks Against Vinegar Flies and Vinegar Flies for Kitchen",B07PN3XFD5,IT,2,https://www.amazon.it/dp/B07PN3XFD5?psc=1,https://m.media-amazon.com/images/I/81Y81NNRqwL._AC_SY355_.jpg,PIC,12.98,7,7,N/A,113.37,113.35,165,"7,509",DE,7.56,1,3.2,114,7,0,UE-SHOP,Garden,Extra Large Envelope,FBA,21.40 x 4.40 x 19.30 cm,0.21,N/A,"May 23, 2019",,No,86,UE-SHOP
47,GARDIGO® Fly Trap 2 Pcs | Fly Killer | Anti Fly | Insect Catcher | 5.5 x 6 cm | House Fly Catch | Fly Traps,B0C4V4H131,IT,2,https://www.amazon.it/dp/B0C4V4H131?psc=1,https://m.media-amazon.com/images/I/71GZvDMaF9L._AC_SX355_.jpg,Gardigo,12.9,2,2,N/A,28.15,28.15,107,"30,256",DE,7.06,2,3.7,25,7,0,tevigo gmbh,Garden,Small Parcel,FBA,15.00 x 6.40 x 7.50 cm,0.07,N/A,"May 15, 2023",,No,38,tevigo gmbh
17,"Super Ninja Indoor Fruit Fly Trap - 12 Pieces, Fruit Fly Trap Effective for Home and Kitchen, Active Up to 3 Weeks, Suitable for Children and Pets",B0C6M6DB5H,IT,12,https://www.amazon.it/dp/B0C6M6DB5H?psc=1,https://m.media-amazon.com/images/I/91SkYAbcD+L._AC_SY355_.jpg,Super Ninja,32.74,466,17,N/A,"8,258.96",673.94,146,354,NL,10.54,1,3.3,"12,291",8,471,Super Ninja ECO,Garden,Small Parcel,FBA,12.50 x 6.70 x 11.20 cm,0.35,N/A,"Aug 15, 2023",,No,35,Super Ninja ECO
24,"Super Ninja Fruit Fly Traps - Pack of 4, Indoor Fly Trap, Home & Kitchen, Highly Effective Liquid Bait, Up to 3 Weeks Efficacy, Safe for Kids and Pets",B09SLX6GQS,ES,4,https://www.amazon.es/dp/B09SLX6GQS?psc=1,https://m.media-amazon.com/images/I/91TI2EB+MXL._AC_SY355_.jpg,Super Ninja,16.99,476,417,200,"8,695.72","7,086",150,"1,149",NL,5.35,1,2.8,"12,300",8,402,Super Ninja ECO,Garden,Large Envelope,FBA,13.00 x 3.40 x 7.40 cm,0.12,#2,"Jul 18, 2022",,No,48,Super Ninja ECO
33,"Super Ninja Fruit Fly Traps - Pack of 6, Indoor Fly Trap, Home & Kitchen, Highly Effective Liquid Bait, Up to 3 Weeks Efficacy, Safe for Kids and Pets",B0DVBKLWTL,ES,6,https://www.amazon.es/dp/B0DVBKLWTL?psc=1,https://m.media-amazon.com/images/I/810HU9eOljL._AC_SY355_.jpg,Super Ninja,21.99,174,47,N/A,"2,425.85","1,033.38",150,"3,369",NL,6.9,1,3.6,739,8,66,Super Ninja ECO,Garden,Large Envelope,FBA,17.40 x 3.20 x 7.50 cm,0.18,N/A,"Apr 13, 2025",,No,15,Super Ninja ECO
39,"Super Ninja Fruit Fly Traps - Pack of 2, Indoor Fly Trap, Home & Kitchen, Highly Effective Liquid Bait, Up to 3 Weeks Efficacy, Safe for Kids and Pets",B0963J155G,ES,2,https://www.amazon.es/dp/B0963J155G?psc=1,https://m.media-amazon.com/images/I/91JrOR+XjgL._AC_SY355_.jpg,Super Ninja,11.99,58,58,50,696.89,696.89,150,"6,948",NL,4.8,1,3,"21,103",8,330,Super Ninja ECO,Garden,Large Envelope,FBA,12.90 x 3.10 x 7.50 cm,0.06,N/A,"Sep 9, 2021",,No,58,Super Ninja ECO
52,"Super Ninja Fruit Fly Traps - Pack of 2, Indoor Fly Trap, Home & Kitchen, Highly Effective Liquid Bait, Up to 3 Weeks Efficacy, Safe for Kids and Pets",B0DWYPZ2V8,ES,2,https://www.amazon.es/dp/B0DWYPZ2V8?psc=1,https://m.media-amazon.com/images/I/81r+wk5aS5L._AC_SY355_.jpg,Super Ninja,10.99,174,135,50,"2,425.85","1,485.32",150,"3,369",NL,6.93,1,3.6,739,8,66,Super Ninja ECO,Garden,Standard Parcel,FBA,40.10 x 18.40 x 28.70 cm,2.34,N/A,"Apr 8, 2025",,No,15,Super Ninja ECO
72,"Control Garden Fruit Fly Trap x4 Fruit Guardian Trap | Super Effective Fly Attracting Bait 24 Hours | 100% Natural Formula + Safe Children and Pets | Fruit Bowl, Kitchen, Trash Can",B0H26XGYKX,ES,4,https://www.amazon.es/dp/B0H26XGYKX?psc=1,https://m.media-amazon.com/images/I/81+uYLv46NL._AC_SY355_.jpg,#NAME?,12.95,25,25,N/A,343.86,343.84,180,"7,989",ES,4.09,1,2.7,12,8,1,Top Sales Spain,,Large Envelope,FBA,11.50 x 11.50 x 3.00 cm,0.19,N/A,"May 27, 2026",,No,2,Top Sales Spain
9,"Super Ninja Fruit Fly Trap - 4 pack, Highly Effective Fruit Fly Killer for Home & Kitchen, Up to 3 Weeks of Performance per Bottle, Child & Pet Friendly",B09SLX6GQS,UK,4,https://www.amazon.co.uk/dp/B09SLX6GQS?psc=1,https://m.media-amazon.com/images/I/71628Tc1YiL._AC_SX355_.jpg,Super Ninja,15.49,"16,705","13,738","9,000","280,455.15","256,261.32",152,4,NL,4.36,1,3.8,"17,515",8,518,Super Ninja ECO,Garden,Large Envelope,FBA,13.00 x 3.40 x 7.40 cm,0.12,N/A,"Feb 17, 2022",,No,53,Super Ninja ECO
10,"Super Ninja Fruit Fly Trap - 2 pack, Highly Effective Fruit Fly Killer for Home & Kitchen, Up to 3 Weeks of Performance per Bottle, Child & Pet Friendly",B0963J155G,UK,2,https://www.amazon.co.uk/dp/B0963J155G?psc=1,https://m.media-amazon.com/images/I/71Pw9F0-36L._AC_SX355_.jpg,Super Ninja,9.66,"16,044","13,931","10,000","225,777.72","162,353.82",152,3,NL,3.8,1,3.8,"22,636",8,519,Super Ninja ECO,Garden,Large Envelope,FBA,12.90 x 3.10 x 7.50 cm,0.06,N/A,"Oct 27, 2021",,No,57,Super Ninja ECO
16,"Super Ninja Fruit Fly Trap - 6 pack, Highly Effective Fruit Fly Killer for Home & Kitchen, Up to 3 Weeks of Performance per Bottle, Child & Pet Friendly",B0DVBKLWTL,UK,6,https://www.amazon.co.uk/dp/B0DVBKLWTL?psc=1,https://m.media-amazon.com/images/I/715egQC4eVL._AC_SX355_.jpg,Super Ninja,21.33,"16,044","1,444","1,000","225,777.72","37,032.40",152,3,NL,7.08,1,3.8,"22,636",8,522,Super Ninja ECO,Garden,Large Envelope,FBA,17.70 x 3.30 x 7.50 cm,0.17,N/A,"Apr 23, 2025",,No,15,Super Ninja ECO
17,"Super Ninja Fruit Fly Trap - 12 pack, Highly Effective Fruit Fly Killer for Home & Kitchen, Up to 3 Weeks of Performance per Bottle, Child & Pet Friendly",B0C6M6DB5H,UK,12,https://www.amazon.co.uk/dp/B0C6M6DB5H?psc=1,https://m.media-amazon.com/images/I/81wjxOL6YmL._AC_SX355_.jpg,Super Ninja,36.93,"16,044",557,400,"225,777.72","24,672.44",153,3,NL,11.01,1,3.8,"22,636",8,522,Super Ninja ECO,Garden,Small Parcel,FBA,12.50 x 6.70 x 11.20 cm,0.35,N/A,"Jun 30, 2023",,No,37,Super Ninja ECO
18,"Super Ninja Fruit Fly Trap - 1 pack, Highly Effective Fruit Fly Killer for Home & Kitchen, Up to 3 Weeks of Performance per Bottle, Child & Pet Friendly",B089MB7VFZ,UK,1,https://www.amazon.co.uk/dp/B089MB7VFZ?psc=1,https://m.media-amazon.com/images/I/718bVn30rLL._AC_SX355_.jpg,Super Ninja,6.74,"16,705","2,967","2,000","280,455.15","24,193.84",152,4,NL,4.92,1,3.8,"17,507",9,518,Super Ninja ECO,Garden,Large Envelope,FBA,12.70 x 3.20 x 7.20 cm,0.04,N/A,"Sep 11, 2020",,No,70,Super Ninja ECO
41,"Fruit Fly Trap 2 Pack – Highly Effective Fruit Fly Killer for Kitchen & Home, Long-Lasting Up to 3 Weeks, Safe for Children & Pets, Small Size, Strong Results, Designed for Fruit Flies Only",B0GN89ZP6D,UK,2,https://www.amazon.co.uk/dp/B0GN89ZP6D?psc=1,https://m.media-amazon.com/images/I/81wpY4hCHVL._AC_SY355_.jpg,Catchly,7.37,"1,354","1,354",700,"12,557.18","12,557.19",189,"9,337",GB,4.49,1,3.5,75,7,11,MANSUR Roastery & Sweets,Garden,Large Envelope,FBA,7.00 x 3.40 x 5.60 cm,0.06,N/A,"Feb 13, 2026",,No,5,MANSUR Roastery & Sweets
67,"Fruit Fly Trap - Fruit Fly Traps Indoor for Home Use with Powerful Attractant - Odor Free, Long Lasting Fly Catcher Safe for Kids and Pets - Easy to Use, Up to 3 Weeks Protection (4 Pack)",B0GDQYTKD3,UK,4,https://www.amazon.co.uk/dp/B0GDQYTKD3?psc=1,https://m.media-amazon.com/images/I/81ecXCOyZuL._SX342_.jpg,Pest strike,9.23,852,314,50,"9,870.51","4,395.56",187,987,GB,3.8,2,3.3,32,7,9,Rivero products,Garden,Large Envelope,FBA,11.00 x 3.70 x 6.80 cm,0.14,N/A,"Jan 2, 2026",,No,6,Rivero products
57,"ENTOEND Fruit Fly Trap - 4 Traps, up to 3 Months' Supply | Ultimate Indoor Fruit Fly Killer for the House and Kitchen | New & Improved, Easy to Use Pre-Baited Bottles | Safe Around Fruits and Food",B0GSW9S46W,UK,4,https://www.amazon.co.uk/dp/B0GSW9S46W?psc=1,https://m.media-amazon.com/images/I/81AApIFVs6L._SX450_.jpg,ENTOEND,17.49,275,221,N/A,"5,128.70","3,860.59",196,"4,109",N/A,4.56,1,N/A,0,9,5,,,Small Parcel,FBA,8.60 x 6.60 x 8.60 cm,0.09,N/A,"Mar 17, 2026",,No,4,
30,"3 Pack Reusable Fruit Fly Traps indoor With non-slip Sleeve, Non-slip and Discreet, Highly Effective Fruit Fly Trap, Ideal for Home & Kitchen, Glass Design Fruit Fly Catcher",B0H1L3N36N,UK,3,https://www.amazon.co.uk/dp/B0H1L3N36N?psc=1,https://m.media-amazon.com/images/I/71VhnlPYO-L._SX342_.jpg,InemzTal,11.92,196,196,N/A,"3,844.36","3,844.37",173,"5,509",CN,5.19,1,4.2,6,7,4,GbtyKue,Garden,Small Parcel,FBA,22.70 x 7.90 x 13.20 cm,0.6,N/A,"Jun 26, 2026",,No,1,GbtyKue
45,"ENTOPEST Decorative Fruit Fly Traps for Indoor, Long-Lasting Flies Control - 2 Traps with Natural & Non-Toxic Attractant 40ml - Effective & Safe to Use, Glue Trapper Eco-Catch Insect Control Killer",B0CPPL529L,UK,2,https://www.amazon.co.uk/dp/B0CPPL529L?psc=1,https://m.media-amazon.com/images/I/81LCE5zqWVL._AC_SY355_.jpg,Entopest,12.62,252,252,N/A,"3,819.93","3,819.90",197,"4,439",GB,5.88,1,4,29,5,9,Fort Products,Garden,Extra Large Envelope,FBA,19.10 x 4.70 x 10.90 cm,0.12,N/A,"Jun 3, 2024",,No,25,Fort Products
37,"Fruit Fly Trap (2 Pack) 2 in 1 Design with Sticky Fly Trap Indoor, Highly Effective Fruit Fly Traps Indoor for Home Use & Kitchen, Bait & Sticky Traps Included, Fruit Flies Trap, Child & Pet Friendly",B0GSVG2883,UK,2,https://www.amazon.co.uk/dp/B0GSVG2883?psc=1,https://m.media-amazon.com/images/I/81gj300JCuL._SX342_.jpg,PestProof,9.71,348,317,500,"4,024.65","3,697.99",199,"3,143",AMZ,4.97,1,3,53,9,28,Q Ventures LLP,Garden,Small Parcel,AMZ,15.00 x 6.40 x 7.60 cm,0.13,N/A,"Jun 4, 2026",,No,1,Q Ventures LLP
49,"8 Pack Fruit Fly Trap, Highly Effective Fruit Fly Killer with Funnel, Fruit Fly Catcher Up to 3 Weeks for Areas with Plants Home and Kitchens for Performance per Bottle for Child Elder Pet Friendly",B0GVHC6DVP,UK,8,https://www.amazon.co.uk/dp/B0GVHC6DVP?psc=1,https://m.media-amazon.com/images/I/61UviDLjetL._SX342_.jpg,Mbuaopa,24.49,185,177,50,"3,403.89","3,265.38",197,"15,600",HK,7.15,1,3,3,8,1,TLINGJING,Garden,Small Parcel,FBA,18.80 x 6.10 x 15.00 cm,0.26,N/A,"Apr 30, 2026",,No,3,TLINGJING
34,"Zero In Fruit Fly Trap - Ready-Baited Indoor Fly Catcher, Apple-Shaped Multi Pack X2 - Non-Toxic, Insect Trap to Attract & Trap Bugs - Suitable for Kitchen & Home Use, Lasts up to 30 Days",B0DC13BHGX,UK,2,https://www.amazon.co.uk/dp/B0DC13BHGX?psc=1,https://m.media-amazon.com/images/I/81O79dPrMWL._SX450_.jpg,Zero In,9.32,341,341,N/A,"3,224.83","3,224.86",187,"4,341",AMZ,3.94,1,N/A,0,7,0,Amazon,,Small Parcel,AMZ,14.30 x 9.90 x 13.50 cm,0.16,N/A,"Aug 14, 2024",,No,23,Amazon
24,"Fruit Fly Trap, 4 Packs Highly Effective Fruit Fly Killer for Home & Kitchen, Fruit Fly Catcher, Up to 3 Weeks for Home Protect Plants Plant",B0GR8MRDR2,UK,4,https://www.amazon.co.uk/dp/B0GR8MRDR2?psc=1,https://m.media-amazon.com/images/I/61Ww05R0htL._AC_SY355_.jpg,HIULLEN,14.57,210,210,50,"3,145.53","3,145.54",140,"6,119",CN,5.49,1,3.4,15,8,2,YQMYEU,Garden,Large Envelope,FBA,13.50 x 3.60 x 9.80 cm,0.13,N/A,"Mar 26, 2026",,No,4,YQMYEU
39,"Fruit Fly Trap, 8 Pcs Highly Effective Fruit Fly Killer for Home & Kitchen, Fruit Fly Catcher, Up to 3 Weeks for Kitchen Home, Child And Pet Friendly",B0GQS3LZ8V,UK,8,https://www.amazon.co.uk/dp/B0GQS3LZ8V?psc=1,https://m.media-amazon.com/images/I/51oWwGWN58L._SX342_.jpg,HIULLEN,17.49,122,138,50,"2,439.12","2,425.82",149,"7,765",CN,6.29,1,3.1,6,8,1,YQMYEU,Garden,Extra Large Envelope,FBA,13.50 x 5.90 x 6.80 cm,0.28,N/A,"Mar 26, 2026",,No,4,YQMYEU
50,"8 Pcs Fruit Fly Trap, Highly Effective Fruit Fly Killer for Home and Kitchen, Fruit Fly Catcher with Funnel, Instantly Attracts, Up to 3 Weeks, Safe for Children, Pets, Indoor, Outdoor",B0GZSD8G51,UK,8,https://www.amazon.co.uk/dp/B0GZSD8G51?psc=1,https://m.media-amazon.com/images/I/61kTKwoquSL._SX342_.jpg,Mineup,16.52,111,111,N/A,"1,868.51","1,868.52",184,"7,183",AMZ,5.6,1,3,2,7,0,HUAYI -EU,Garden,Extra Large Envelope,AMZ,13.50 x 6.00 x 6.70 cm,0.28,N/A,"May 7, 2026",,No,2,HUAYI -EU
38,"KUWUNG 8 Pack Fruit Fly Trap, Highly Effective Fruit Fly Killer for Home & Kitchen, Up to 3 Weeks Indoor of Performance per Bottle, Safe for Children & Pets (8)",B0GRVGS8VL,UK,8,https://www.amazon.co.uk/dp/B0GRVGS8VL?psc=1,https://m.media-amazon.com/images/I/61BAV4BWW6L._SX450_.jpg,KUWUNG,22.15,255,96,N/A,"4,093.49","1,818.60",160,"8,146",N/A,4.91,1,N/A,0,8,5,,,Extra Large Envelope,FBA,13.30 x 5.80 x 6.90 cm,0.29,N/A,"Apr 19, 2026",,No,3,
63,"PIC Fruit fly trap and vinegar fly trap - 4x Glue Traps with 2 Attractant Containers, Effective Fly traps indoor for home use - Suitable for kitchen - Up to 8 weeks",B07PN3XFD5,UK,4,https://www.amazon.co.uk/dp/B07PN3XFD5?psc=1,https://m.media-amazon.com/images/I/81z-GWYCxSL._AC_SY355_.jpg,PIC,12.51,87,87,50,"1,318.78","1,318.78",164,"22,326",DE,4.35,1,3.9,949,7,0,UE-SHOP,Garden,Extra Large Envelope,FBA,21.40 x 4.40 x 19.30 cm,0.21,N/A,"May 9, 2019",,No,86,UE-SHOP
65,"Fruit Fly Trap, Highly Effective Fruit Fly Killer Safe for Children & Pets, Instantly Attracts & Kills Fly Zapper, Resealable Fruit Flies Trap for Indoor & Outdoor (8 orange)",B0GTK86396,UK,8,https://www.amazon.co.uk/dp/B0GTK86396?psc=1,https://m.media-amazon.com/images/I/61FpkSs088L._AC_SY355_.jpg,Rppiup,19.44,44,44,N/A,872.44,872.44,174,"13,805",HK,5.6,1,2.6,4,8,0,MINGMINGGO,Garden,Large Envelope,FBA,13.20 x 3.40 x 9.70 cm,0.13,N/A,"Apr 24, 2026",,No,3,MINGMINGGO
56,"8 Pack Fruit Fly Trap Indoor, Effective Kitchen Fruit Fly Killer, Yellow | Highly Effective Fruit Fly Traps, Indoor Fly Catcher for Home Kitchen, Reusable Design, Safe Poison-free Bait Setup",B0GWV82B6N,UK,8,https://www.amazon.co.uk/dp/B0GWV82B6N?psc=1,https://m.media-amazon.com/images/I/71u+q5Aq3eL._AC_SY355_.jpg,XPJBKC,20.4,38,38,N/A,869.58,869.61,190,"34,030",HK,6.89,1,4.1,6,8,2,CHENXUEFEI,Garden,Large Envelope,FBA,3.50 x 20.00 x 10.00 cm,0.28,N/A,"May 29, 2026",,No,2,CHENXUEFEI
43,"4 Pcs Fruit Fly Trap, Highly Effective Fruit Fly Killer for Home and Kitchen, Fruit Fly Catcher with Funnel, Up to 3 Weeks of Performance per Bottle, Safe for Children & Pets",B0H5TZLP3W,UK,4,https://www.amazon.co.uk/dp/B0H5TZLP3W?psc=1,https://m.media-amazon.com/images/I/61HhiBCR4vL._SX342_.jpg,Mineup,14.57,51,51,N/A,777.06,777.04,174,"14,006",CN,4.27,1,N/A,0,7,0,HUAYI -EU,Garden,Large Envelope,FBA,3.50 x 12.00 x 10.00 cm,0.14,N/A,"Jun 18, 2026",,No,1,HUAYI -EU
60,"Green Protect Fruit Fly Trap - Apple Shaped - Pest Free - Eco Friendly - Insecticide Free - Discreet - Long Lasting - Last Upto 4 Weeks - Insect Treatment | Insecticide-free, eco-friendly option provides discreet and long-lasting pest control effective for up to 4 weeks.",B07QV27SX3,UK,1,https://www.amazon.co.uk/dp/B07QV27SX3?psc=1,https://m.media-amazon.com/images/I/71lOwyTYQgL._AC_SY355_.jpg,Green Protect,8.7,13,13,N/A,142.35,142.35,271,"63,416",GB,3.98,1,3.4,24,4,0,SterlingSaver,Garden,Extra Large Envelope,MFN,14.40 x 5.20 x 10.00 cm,0.06,N/A,"Jul 16, 2019",,No,84,SterlingSaver
