rating,title,body
1,did not work,"Not one wasp was caught, still have them buzzing me when I go out."
1,Did not work for us,"Unfortunately, despite following directions specifically, this did not attract a single bee…I even added hot dog chunk…nothing for over 2 weeks."
1,Didn't attract anything,"Didn't catch a dam thing. Then I had it hanging up on a limb and the bottle separated from the lid & crashed to the ground, of course emptying all the contents. I made my own concoction but nothing was attracted to the ""trap""."
1,Didn't catch a single wasp - another waste of,Picked one up and put it out this year (fair number of wasps around this year) Place and operated as instructed. Didn't catch a single wasp - another waste of $$$s
1,Didn't trap a single wasp or yellow jacket,I followed the directions and trapped nothing.
1,Didn't work,It didn't do what it said it would. Had good luck with cucumbers in aluminum pans.
1,Doesn't Work,"Set it up according to the directions, used apple juice (as recommended) and in the last two weeks it has been set up, not one wasp, hornet, nor yellow jacket has been caught. Instead a wasp has decided to set up their home near it. Complete waste of money, would not recommend."
1,Doesn't work,"I tried two of these, using different combinations of bait. In both cases, after weeks, the trap failed to trap anything except for a couple of flies (not wasps). I watched my patio wasps fly around this every day. They seemed interested but never bothered going in, or, if they did dip their toes in, they came back out just fine. I made a homemade trap with a two-liter plastic bottle using the same contents. For whatever reason, that is working much better."
1,Junk,Wasps would fly right past this thing without hesitation. Would not recommend to anyone
1,No help,Did nothing to rid us of wasp.
1,No wasps in it.,Not a single wasp or hornet was trapped in either one I bought. Something chewed or pecked through them both to get the sugar water.
1,Not worth the money,I have not caught anything in this product. I bought 2 one for a friend and he has the same problem. I wouldn't waste your money on this product
1,Strap on lid broke within the first week,I would not purchase this product again. The rubber strap on the lid broke (see photo) within the first week and fell on the ground. I wrote to Willert Home Products and they never responded. VERY POOR CUSTOMER SERVICE.
1,Waste,Don't buy
1,Waste of money,"Followed directions, it sat out there for three days nothing. It was warm, low 80s. Disappointed"
2,Did Not Work,"I followed the directions specifically. It was a rather complicated recipe but I figured if it worked, it was worth it. After 2 months, there wasn't a single bee, wasp, or yellow jacket of any kind, only a few flies. I threw it away."
2,Didn't work,I followed the instructions perfectly and it didn't attract any wasps. I ended up killing them with wasp spray
2,Doesn't seem effective,"This caught a lot of gnats, but not a single wasp despite being hung in the flight path of a red wasp nest. Disappointing."
2,Not the best for our area,We didn't catch very many yellow jackets or any other kind of bee either. They would go in but then come right out again.
2,Placement counts,It has trapped a few but it is built pretty flimsy. Lid does not stay on great and actually cracked when running provided zip tie through the lid.
2,Two Stars,Didn't catch an wasp's....but plenty of other bugs
2,Two Stars,These did not work..were not effective.
2,"Was disappointed, did not attract wasps.",Did not do what it promised.
4,Didn't really work for me but,The quality is great … had wasps that were robbing my bee hives so it's not your normally need … I think this would work great for the average need
4,Met Expectations!,Worked well for me. Unlike other traps you need to open the top to see if it worked. Don't see wasps swarming around it like other traps and with those you can use small pieces of fresh salmon as a substitute lure which is far more cost effective than buying bait. Must be salmon as other fish varieties for a bait does not seem to work.
4,the bait makes you dizzy,"Updated Review: it has caught the tiny wasps, which is ok, they're still wasps. i have gotten about 25 over the last month. good work! will update after today, but i'm at three stars b/c it was messy, i.e. the design lends itself to you getting stuff on your hands either when you fill it or go to hang it. and it makes you dizzy, whatever it is. says non-toxic but it definitely has an effect on your senses.."
5,Add meat.,Put a chunk of chicken on a string suspended into the trap. At first I used grape juice with the packet lure. 10 'jackets in 2 days. Added meat. 50 'jackets in the next 24 hours. Add meat for better trapping.
5,Attracts great numbers of wasps,We hung the trap from a shepherds hook 20' from the nests. In a few days the trap was full. It's easy to clean out and rebait. Use protein in the Spring and sugar syrup in the Fall
5,Attracts great numbers of wasps,We hung the trap from a shepherds hook 20 ‘ from the nests. In a few days the trap was fullIt’s easy to clean out and rebait. Use protein in the Spring and sugar syrup in the Fall
5,Bait Works Well,"This trap replaces an Oak Stump brand yellowjacket trap that finally broke during a storm. Oak Trap isn't made any longer, but I prefer the shape of their trap (much larger -- at least 6"" in diameter), and it seemed to attract more wasps and yellowjackets. However, this trap does work. The bait also works well, but is expensive to replace. Homemade solution can also be used."
5,Best Bait/Trap Ever.,I used two of these on a hunting trip last week where we were inundated with yellow jackets. The first clue to how effective this would be was when one of my friends snipped open a corner of the cellophane pouch that the bait was in and he was mobbed with yellow jackets before he could pour it into the trap. The traps would fill up 3/4 of the way in just a couple of hours. I have probably 4 or 5 different brands of yellow jacket traps and this one is by far the most effective ones I've ever used. I am so impressed that I bought more of the BioCare bait to use in my other brands of traps as well. I did not purchase this from Amazon because I was a long ways from home and needed it right away so I bought them at a hardware store in the nearest town. I wouldn't hesitate to recommend this trap to anyone with a yellow jacket issue.
5,but this turns out to be an amazing product. In two days,"I was skeptical, but this turns out to be an amazing product. In two days, we have caught over 50 yellow jackets. It does not seem to attract bees, which is good. I highly recommend it. My one suggestion is that the company provide a more sturdy wire to hang it up with."
5,Deserves six stars!,"WOW! This is hands-down the most effective yellow jacket trap I've ever used. They swarmed it within 60s of me placing it, and it had a dozen caught/killed within 5 minutes. I'd post a picture of the contents but they come so frequently to it it's not safe. The attached photo shows the inside of the trap after just one day."
5,Five Stars,Works well. Will use it for many years.
5,Great Trap,"We bought 4 of these to try since we have bad yellow jacket problems. I mixed it according to directions and used 3 tbsp of sugar. It definitely smells after you use the bee food that comes in it, so be careful not to spill it. One thing I would suggest is to use something sturdier to hang it. It comes with little twist ties that go through the lid, but I would use something else. My husband drilled an extra hole in the top of our lids and I used zip ties to hang them. I didnt want to risk them falling. We have had them up about a week and we have caught tons of wasps."
5,It really works great,"This worked great, when I checked on it the day after I put it out. It had a lot (20 ish) yellow jackets in it. Now my kids are able to play outside and I dont have to worry about them getting stung."
5,Very selective kill,"Use next to my bee hives - catch almost zero honeybees, but does catch a lot of yellow jackets."
5,Wasp and yellow jacket killer,Does what it's suppose to.
5,Where to get refills? Product is great but can't find refills!,Had great success with product keeping yellow jackets and wasps away from my hummingbird feeder. Just can't seem to find refills for the trap.
5,Works for us,"First of all the lid does not always hold so we run a string through the access holes at the side and loop the string up and tie it that way. This keeps the lid from falling off. You also need to follow the lure directions completely, using some apple juice, tuna or chicken, and a couple of drops of dish soap along with the lure packet that is included. We have used these for years and they work great for us. We do live in the same area where these are made. I have done side by side tests with another brand to see the yellow jackets choosing the BioCare traps over the other brand."
5,Works great!,Worked great! Finally had a bug-free dinner on our outdoor patio. We were astonished when we opened the top of the container and saw how many bugs had actually been lured to their demise.
5,Works!,Works!
5,Yellow Jackets Be Gone!,"This is a very effective product! While I recognize that wasps are beneficial for killing garden pests and generally leave them to do their thing, this year they would not leave the monarch larvae on my milkweed alone. They killed at least seven of them in one afternoon and I resorted to mosquito netting and this product to protect the rest. I put it out 3 days ago and there are already at least a dozen dead wasps in it. I plan to set out more milkweed for the 4th generation egg lay in September/October and just ordered more bait to see me through into fall. So, if you're looking for a non-toxic, refillable, and reasonably priced way to practice wasp control, I don't think you can do much better than BioCare."
