asin,brand,revenue,is_shampoo,segment,confidence,product_type,evidence,title
B00WN2BY7G,VICHY,54377,Y,Irritated / Atopic,H,shampooing,Anti-Pelliculaire; Pellicules & Démangeaisons; haute tolérance dermatologique; hypoallergénique; cuirs chevelus sensibles,"Vichy, DERCOS, DS Anti-Dandruff Shampoo, Dandruff & Itching, Normal to Oily Hair"
B01HYOB0LC,KÉRASTASE,34396,Y,Irritated / Atopic,H,shampooing,Shampoing Hydra-Apaisant pour cuirs chevelus sensibles; apaise les irritations et démangeaisons,"Kérastase, Specific, Hydra-Soothing Shampoo, For Sensitive Scalp, Bain Vital Der"
B01BPHAD1W,VICHY,19241,Y,Irritated / Atopic,H,shampooing,Shampooing anti-pelliculaire et anti-démangeaisons; rééquilibrer et améliorer la barrière cutanée; cheveux secs,"Vichy, Dercos, Shampooing Anti-Pelliculaire DS, Pellicules & Démangeaisons, Chev"
B003TZZSD2,Neutrogena,18073,Y,Irritated / Atopic,H,shampooing,Shampooing apaisant contre les démangeaisons; formule sans alcool et non irritante; testé sous contrôle dermatologique,Neutrogena – Anti-dandruff T/Gel Shampoo Strong Itching Severe (250 ml bottle) –
B09GRM5X73,VICHY,17621,Y,Irritated / Atopic,H,shampooing,Cuir chevelu à tendance psoriasique; anti-squames; anti-démangeaisons; formule hypoallergénique,"VICHY DERCOS PSOlution Kerator-Reductive Treatment Shampoo, Scalp with Psoriatic"
B01D5AP786,VICHY,10523,Y,Irritated / Atopic,H,shampooing,Shampooing Anti-Démangeaisons; Cheveux Secs; cuir chevelu sensible,"Vichy, Dercos, Ultra-Soothing, Anti-Itching Shampoo, Dry Hair, 200 ml"
B0F4Y5KYDC,Douxo,10491,N,,H,shampooing pour chien,Shampoing Anti-démangeaisons pour Chien (pet product),"DOUXO Skin & Coat Spa - Ultra-Safe Anti-itch Shampoo for Dogs, 250 ml, Cleans an"
B0CH8K9NMR,Wella Professionals,8884,Y,,H,shampooing,Shampoing purifiant; nettoyant profond; adapté pour les cheveux gras; éliminer les résidus de produits,Wella Professionals INVIGO SCALP BALANCE Shampoing purifiant – Soin purifiant en
B09LYWXD3Q,Redken,8736,Y,Irritated / Atopic,M,shampooing,Soulage Le Cuir Chevelu Irrité; soulagé des irritations (primary frame oily hair; explicit irritated claim),REDKEN - Amino Mint Shampoo - Purifies Oily Roots & Relieves Irritated Scalp - M
B00DO53Y74,KÉRASTASE,8485,Y,Irritated / Atopic,H,shampooing,Shampoing Hydra-Apaisant Pour Cuirs Chevelus Sensibles; apaise les irritations; calme les démangeaisons,"Kérastase, Specific, Hydra-Soothing Shampoo, For Sensitive Scalp, Bain Vital Der"
B07TZ9HV1S,Evolsin,8440,Y,Irritated / Atopic,H,shampooing,Shampooing contre l'eczéma et le psoriasis; cuir chevelu sec et irrité; la dermatite atopique,Evolsin Eczema and Psoriasis Shampoo I 250ml I Relief of itchy dry and irritated
B004Y73B92,VICHY,7177,Y,,H,shampooing,Shampooing Doux Fortifiant Tous Types de Cheveux; fortifie les cheveux; composition douce (no sensitive/irritated claim),"Vichy, Dercos, Gentle Mineral, Gentle Fortifying Shampoo, All Hair Types, 400 ml"
B0DB8DY2BN,L'Oréal Professionnel Paris,6752,Y,Irritated / Atopic,H,shampooing,Anti-Inconfort & Démangeaisons; Dermo-Régulateur pour Cuirs Chevelus Sensibles; testé sous contrôle dermatologique,L'OREAL PROFESSIONNEL - Scalp Advanced Anti-Inconfort & Démangeaisons - +83% d'A
B0BPYG9ZRJ,L'Oréal Professionnel Paris,6702,Y,Irritated / Atopic,H,shampooing,Anti-Inconfort & Démangeaisons; Dermo-Régulateur pour Cuirs Chevelus Sensibles; apaise les inconforts,L'OREAL PROFESSIONNEL - Scalp Advanced Anti-Inconfort & Démangeaisons - +83% d'A
B0DDTVL456,VICHY,6293,N,,M,shampooing 2-en-1,Shampooing Anti-Pelliculaire DS 2 en 1; Démêlant et Traitant (2-en-1; not standalone shampoo),"Vichy, Dercos, Shampooing Anti-Pelliculaire DS 2 en 1, Démêlant et Traitant, Pel"
B0BPYF46LP,L'Oréal Professionnel Paris,5814,Y,Irritated / Atopic,H,shampooing,Anti-Inconfort & Démangeaisons; Dermo-Régulateur pour Cuirs Chevelus Sensibles; +83% d'apaisement du cuir chevelu,L'OREAL PROFESSIONNEL - Scalp Advanced Anti-Inconfort & Démangeaisons - +83% d'A
B009USALZM,VICHY,4671,Y,Irritated / Atopic,H,shampooing,Shampooing Anti-Pelliculaire; Pellicules & Démangeaisons; Cuir Chevelu Sensible,"Vichy, Dercos, Anti-Dandruff Treatment Shampoo, Dandruff & Itching, Sensitive Sc"
B09QQT41TP,VICHY,4509,Y,Irritated / Atopic,H,shampooing,Shampooing Anti-Pelliculaire DS; Pellicules & Démangeaisons; testé par les dermatologues; cuirs chevelus sensibles,"Vichy, DERCOS, DS Anti-Dandruff Shampoo, Dandruff & Itching, Normal to Oily Hair"
B0D86YN54G,Sphagnum Botanicals,3876,Y,Irritated / Atopic,H,shampooing,Shampoing Naturel pour Psoriasis; Traitement Apaisant pour Cuir Chevelu Sec et Irrité; dermatite séborrhéique; eczéma; antipelliculaire,Sphagnum Botanicals Natural Psoriasis Shampoo - Soothing Treatment for Dry and I
B0F19GF2H3,Head & Shoulders,3711,N,,H,set,Shampoing 250ml; Après-shampoing 220ml Et Soin 145ml (3-product set/bundle; not a standalone shampoo),"Head & Shoulders DermaXPro Hydrate Shampoo 250ml, Conditioner 220ml & Care 145ml"
B09C2Q5K7Y,Naturé moi,3636,Y,Irritated / Atopic,M,shampooing,Shampooing Antipelliculaire; apaise le cuir chevelu; pellicules causées par une peau sèche; une hypersensibilité de la peau,Naturé Moi - Anti-dandruff shampoo - Sulfate free - Care for normal dandruff hai
B0CGRRDVZD,Wella Professionals,3566,Y,Irritated / Atopic,H,shampooing,Shampoing doux et apaisant pour cuir chevelu sensible; sans parfum; allantoïne pour apaiser,Wella Professionals INVIGO SCALP BALANCE Shampoing doux et apaisant – pour cuir 
B01D5AP88A,VICHY,3345,Y,Irritated / Atopic,H,shampooing,Shampooing Traitant Ultra-Apaisant; Anti-Démangeaisons; Cuir Chevelu Sensible,"Vichy, Dercos Technique, Ultra-Soothing, Anti-Itching, Oily Hair & Sensitive Sca"
B0019YN81E,Urtekram,3313,Y,Irritated / Atopic,H,shampooing,Shampooing à l'Arbre à Thé Cuir Chevelu Irrité; soin adoucissant,"Urtekram Tea Tree Shampoo Irritated Scalp, Organic"
B081945SKN,LES SECRETS DE LOLY,3244,Y,Irritated / Atopic,H,shampooing,Shampooing cuir chevelu sensible Apaisant anti-démangeaisons,Les Secrets de Loly Sunshine Clean - Sensitive Scalp Shampoo Soothing Anti-Itch 
B0G392Y83X,Head & Shoulders,2968,Y,Irritated / Atopic,H,shampooing,Apaise le cuir chevelu sec et irrité et aide à renforcer la barrière cutanée,DermaXPro by Head & Shoulders Soothing Anti-Dandruff Shampoo 800ml With Aloe Ver
B0F1FXH4X1,VICHY,2505,Y,Irritated / Atopic,H,shampooing,Shampooing Anti-Pelliculaire DS; cuirs chevelus sensibles sujets aux pellicules et/ou aux démangeaisons; hypoallergénique,"Vichy, Dercos, DS Anti-Dandruff Shampoo, Dandruff & Itching, Dry Hair, Eco-refil"
B0BPYFBWF4,L'Oréal Professionnel Paris,2409,Y,,H,shampooing,Dermo-Purifiant; Pour Cheveux Gras; -78% de Sébum sur le cuir chevelu (no irritated/atopic claim),L'OREAL PROFESSIONNEL - Scalp Advanced - Dermo-Purifiant - Homme & Femme - -78% 
B0GP1KZVKW,Head & Shoulders,2187,Y,Irritated / Atopic,H,shampooing,Shampooing Antipelliculaire ... Pour Cuir Chevelu Sec Et Délicat; testé sur peaux sensibles; soulage la sécheresse et les démangeaisons,DermaXPro by Head & Shoulders Pure Hydration Anti-Dandruff Shampoo 250 ml For Dr
B013241ZHC,Beaphar,2019,N,,H,shampooing pour chien (pet),Shampoing Anti-démangeaisons pour chien; apaise les démangeaisons et irritations,"BEAPHAR – Anti-itch Dog Shampoo – With Natural Extracts of Calendula, Mint & Gra"
B0GP1KK3QW,Head & Shoulders,1955,N,,H,shampooing 2-en-1,shampooing et après-shampooing 2-en-1 (Menthol Fresh 2en1),"Head & Shoulders Menthol Fresh2 x 400 ml, Anti-dandruff Shampoo, Works against d"
B0BZQSSL1X,Phyto,1896,Y,,H,shampooing,Shampooing Douceur tous cheveux; rééquilibre; cheveux doux et brillants (no sensitive/irritated claim),Phyto - Softness - Gentle Shampoo 250 ml - All Hair - Rebalances - Protects the 
B084S5J95Q,Valquer Laboratorios,1833,Y,Irritated / Atopic,M,shampooing,RÉDUIT DÉMANGEAISONS ET INCONFORT; aide à apaiser les cuirs chevelus sensibles et limite les tiraillements; Cuir Chevelu Sensible,"VALQUER pH Neutral Shampoo 1 Litre Hydrating with Panthenol, 99% Natural Ingredi"
B07MYPX6W6,Uriage,1832,Y,Irritated / Atopic,H,shampooing,Pellicules Sévère; Apaise les Démangeaisons; Pellicules sévères et cuir chevelu irrité; dermatologues,Uriage DS Hair Keratorreducer Treatment Shampoo - Lactic Acid 1.8% - Severe Dand
B0D9K9YML4,Phyto,1749,Y,Irritated / Atopic,H,shampooing,Shampoing Dermo-Apaisant anti-démangeaisons; calme les rougeurs du cuir chevelu sensible; irrité et sec; sans alcool ni parfum,Phyto Anti-démangeaisons Dermo-soothing Shampoo 250ml
B0CR1K45P3,Head & Shoulders,1664,N,,H,lot/set shampooing+masque,Lot de 2 flacons... shampoing apaisant avec shampoing anti-pelliculaire et masque anti-peau (set shampooing + masque; pas un shampooing standalone),Head & Shoulders DERMAXPRO Soothing Shampoo with Anti-Dandruff Shampoo & Skin Ma
B09ZYTKDRB,ELEVEN AUSTRALIA,1624,Y,Irritated / Atopic,M,shampooing,Shampooing Équilibrant et Doux pour Cuir Chevelu Sensible; Formule apaisante à base d'aloe vera; sans agresser le cuir chevelu,ELEVEN Australia Gentle Clean Balancing Shampoo – Balancing and Gentle Shampoo f
B00OKFHO0U,Beaphar,1615,N,,H,shampooing pour chien,Shampoing Anti-démangeaisons pour chien (pet product),"BEAPHAR Anti Itch Dog Shampoo - Natural Extracts of Calendula, Mint & Grape Poly"
B08Y1D2DP8,Redken,1413,Y,Irritated / Atopic,H,shampooing,Shampoing Antipelliculaire Hydratant & Apaisant; Cheveux Secs & Cuir Chevelu Sensible; Zinc Pyrithione,REDKEN - Moisturizing & Soothing Anti-Dandruff Shampoo - Clarifies & Relieves Sc
B07HGD7YF5,Animigo,1353,N,,H,shampooing pour chien/chat (pet),Shampooing Chien Anti Démangeaison - Shampoing pour Chien & Chat,"Anti-Itch Dog Shampoo 500 ml - Natural Shampoo for Dogs and Cats - Aloe Vera, La"
B0DCW4Y3WT,Corine de Farme,1324,Y,Irritated / Atopic,M,shampooing,la nature des peaux sensibles; convient à toutes les peaux; même les plus sensibles; toute la famille dès 3 ans,Corine de Farme - Extra-gentle shampoo with sweet almond oil - Cleanses and stre
B0DHCRKPWJ,FLAMINGO,1318,N,,H,shampooing pour chien,Shampoing Chien - shampoing pour Chien; toilettage (pet shampoo),Dog Shampoo - Dog Shampoo - 500 ml - Specially for Sensitive Skin - for the Trea
B0DHS7KGWT,La Roche-Posay,697,Y,Irritated / Atopic,H,shampooing,Shampooing Antipelliculaire Intensif; cuir chevelu sensible; réduit et apaise les démangeaisons,"La Roche-Posay, Toleriane Kerium DS Anti-Dandruff Shampoo Intensive, Reduces and"
B00IVIMVFK,La Roche-Posay,649,Y,Irritated / Atopic,H,shampooing,Shampoing Anti Démangeaisons pour Cuir Chevelu Sensible; apaise immédiatement et durablement les cuirs chevelus sensibles,Kerium - Extreme Mild Shampoo - Anti-Itch Shampoo for Sensitive Scalp - Thermal 
B0052ECRUA,Bioderma,469,Y,Irritated / Atopic,H,shampooing,Apaisant; anti-irritations et anti-démangeaisons; cuirs chevelus sensibles et irrités; prescrit par des dermatologues,"BIODERMA Nodé A Shampoo - Soothing, Anti-Irritation and Anti-Itch - For Soft and"
