Product Details,ASIN,Segment,URL,Image URL,Brand,Price  €,Parent Level Sales,ASIN Sales,Recent Purchases,Parent Level Revenue,ASIN Revenue,Title Char. Count,BSR,Seller Country/Region,Fees  €,Active Sellers,Ratings,Review Count,Images,Review velocity,Buy Box,Category,Size Tier,Fulfillment,Dimensions,Weight,ABA Most Clicked,Creation Date,Sponsored,Best Seller,Seller Age (mo),Seller
"La Roche-Posay Lipikar Gel Lavant, Hautberuhigendes, sanftes Duschgel für trockene, empfindliche Haut, Mit Niacinamid, Zur täglichen Reinigung",B00V4PHBO8,Wash,https://www.amazon.de/dp/B00V4PHBO8?psc=1,https://m.media-amazon.com/images/I/41l47rxxzOL._SX342_.jpg,La Roche-Posay,11.5,"1,237",498,200,"18,860","6,327.02",142,"1,030",AMZ,6.19,15,4.8,"3,169",1,107,Amazon,Kosmetik,Extra Large Envelope,AMZ,20.10 x 5.40 x 5.70 cm,0.45,N/A,"Apr 24, 2015",,No,135,Amazon
"La Roche-Posay Lipikar Gel Lavant, Hautberuhigendes, sanftes Duschgel für trockene, empfindliche Haut, Mit Niacinamid, Zur täglichen Reinigung",B0DJPBRNDF,Wash,https://www.amazon.de/dp/B0DJPBRNDF?psc=1,https://m.media-amazon.com/images/I/61oDbV01DdL._SX342_.jpg,La Roche-Posay,21,"1,237",739,200,"18,860","12,532.97",142,"1,030",AMZ,6.35,9,4.8,"3,169",9,133,Amazon,Kosmetik,Small Parcel,AMZ,22.40 x 9.00 x 9.10 cm,1.09,N/A,"Oct 11, 2024",,No,21,Amazon
"La Roche-Posay Lipikar Gel Lavant, Hautberuhigendes, sanftes Duschgel für trockene, empfindliche Haut, Mit Niacinamid, Zur täglichen Reinigung",B0F1G26TNK,Wash,https://www.amazon.de/dp/B0F1G26TNK?psc=1,https://m.media-amazon.com/images/I/71rG5xWZ6NL._SX342_.jpg,La Roche-Posay,10.5,171,171,100,"1,956.05","1,956.05",142,"8,210",AMZ,5.42,7,4.7,184,9,19,Amazon,Kosmetik,Extra Large Envelope,MFN,16.40 x 5.50 x 13.00 cm,0.42,N/A,"Sep 1, 2025",,No,10,Amazon
"La Roche Posay Rückfettendes Duschgel für extrem trockene, zu Neurodermitis neigende Haut, Auch für Babys und Kinder, Mit Niacinamid und Aqua Posae Filiformis, Lipikar Syndet AP+, 200 ml",B01LX6BYXW,Wash,https://www.amazon.de/dp/B01LX6BYXW?psc=1,https://m.media-amazon.com/images/I/61v+3v2-RSL._SY355_.jpg,La Roche-Posay,16.18,92,14,N/A,"1,453.68",238.13,186,"17,136",N/A,5.94,6,4.6,506,1,4,APONEO - Deutsche Versand-Apotheke,Kosmetik,Extra Large Envelope,MFN,20.00 x 5.80 x 6.00 cm,0.49,N/A,"Sep 3, 2016",,No,118,APONEO - Deutsche Versand-Apotheke
"La Roche Posay Rückfettendes Duschgel für extrem trockene, zu Neurodermitis neigende Haut, Auch für Babys und Kinder, Mit Niacinamid und Aqua Posae Filiformis, Lipikar Syndet AP+, 200 ml",B0FF598SSG,Wash,https://www.amazon.de/dp/B0FF598SSG?psc=1,"https://m.media-amazon.com/images/I/413M23XOnAL._SX342_PIbundle-2,TopRight,0,0_SX342SY184SH20_.jpg",La Roche-Posay,23.8,148,0,N/A,"1,783.23",0,186,"7,169",AMZ,N/A,1,4.7,204,9,10,Amazon,Kosmetik,Extra Large Envelope,AMZ,15.60 x 4.80 x 7.80 cm,0.46,N/A,"Jul 6, 2015",,No,132,Amazon
"La Roche Posay Lipikar Syndet AP+ Rückfettendes Duschgel für extrem trockene, zu Neurodermitis neigende Haut, Auch für Babys und Kinder, Mit Niacinamid und Aqua Posae Filiformis, Nachfüllpack 400 ml",B08M5DXF9Z,Wash,https://www.amazon.de/dp/B08M5DXF9Z?psc=1,https://m.media-amazon.com/images/I/61QEXc5qTOL._SY355_.jpg,La Roche-Posay,13.22,92,79,N/A,"1,453.68","1,243.56",198,"17,136",PT,6.45,2,4.6,506,9,156,aminhafarmacia,Kosmetik,Small Parcel,FBA,16.30 x 6.30 x 13.60 cm,0.45,N/A,"Oct 29, 2020",,No,69,aminhafarmacia
"La Roche Posay Lipikar Gel Lavant, Hautberuhigendes, sanftes Duschgel für trockene, empfindliche Haut, Mit Niacinamid, Zur täglichen Reinigung, 750 ml",B00V4PB09K,Wash,https://www.amazon.de/dp/B00V4PB09K?psc=1,https://m.media-amazon.com/images/I/71rt-rM4JhL._SY355_.jpg,La Roche-Posay,16.9,147,147,50,"2,494.66","2,494.67",150,"4,593",AMZ,5.99,2,4.7,"1,417",1,14,Amazon,Kosmetik,Small Parcel,AMZ,21.70 x 7.70 x 7.70 cm,0.83,N/A,"Apr 24, 2015",,No,135,Amazon
ROCHE-POSAY Lipikar Gel Lavant 400 ml,B00WZ62ZNM,Wash,https://www.amazon.de/dp/B00WZ62ZNM?psc=1,https://m.media-amazon.com/images/I/619ZfVFKF1L._SY355_.jpg,La Roche-Posay,12.95,3,3,N/A,50.79,50.79,37,N/A,DE,5.99,5,4.5,48,1,0,FAAR OnlineApotheke,,Extra Large Envelope,MFN,18.50 x 6.00 x 6.00 cm,0.46,N/A,"May 1, 2015",,No,134,FAAR OnlineApotheke
"La Roche Posay Rückfettendes Duschgel für extrem trockene, zu Neurodermitis neigende Haut, Auch für Babys und Kinder, Mit Niacinamid und Aqua Posae Filiformis, Lipikar Syndet AP+, 200 ml",B00J3Y9YZG,Wash,https://www.amazon.de/dp/B00J3Y9YZG?psc=1,https://m.media-amazon.com/images/I/61hUOxl3uaL._SX342_.jpg,La Roche-Posay,13.39,148,148,N/A,"1,783.23","1,783.24",186,"7,169",AMZ,5.48,6,4.7,204,9,10,Amazon,Kosmetik,Extra Large Envelope,AMZ,15.60 x 4.50 x 7.70 cm,0.23,N/A,"Jul 6, 2015",,No,132,Amazon
"La Roche Posay Repairing Cream for Body, Face and Lips, for Sensitive Skin, with Dexpanthenol and Tribioma, Reduces Tension and Redness, Cicaplast Baume B5+, 100 ml",B0BJFLVCZK,Cream,https://www.amazon.de/dp/B0BJFLVCZK?psc=1,https://m.media-amazon.com/images/I/61lg2nKtAFL._SX342_.jpg,La Roche-Posay,16.79,"12,678","12,678",N/A,"194,848.81","194,734.38",164,18,AMZ,6.55,1,4.7,"4,164",6,300,Amazon,Beauty,Large Envelope,AMZ,13.40 x 3.80 x 5.70 cm,0.11,N/A,"Aug 17, 2022",,No,44,Amazon
"La Roche-Posay Lipikar Baume Light AP+M, Replenishing Lotion for Neurodermatitis and Dry Skin, Quick Absorption, No Fragrances, for Babies from 3 Months, Children and Adults, 400 ml",B09V542XVS,Cream,https://www.amazon.de/dp/B09V542XVS?psc=1,https://m.media-amazon.com/images/I/41lmeQYcLrL._SX342_.jpg,La Roche-Posay,23.99,"2,973","2,973","1,000","79,072.94","79,050.38",181,"1,093",N/A,7.02,1,4.7,"1,871",10,48,,Beauty,Extra Large Envelope,MFN,20.10 x 5.60 x 5.70 cm,0.42,N/A,"Mar 9, 2022",,No,49,
"Cerave moisturising lotion, 236 ml",B07CG2TD9F,Cream,https://www.amazon.de/dp/B07CG2TD9F?psc=1,https://m.media-amazon.com/images/I/61YDmQy6soL._SX342_.jpg,CeraVe,10.48,"7,543","7,543","4,000","79,052.75","78,977.16",34,49,AMZ,3.96,1,4.6,"44,258",8,391,Amazon,Beauty,Large Envelope,AMZ,15.80 x 3.80 x 7.00 cm,0.28,N/A,"Mar 16, 2018",,No,97,Amazon
Cerave - Moisturizer for dry to very dry skin - 177 ml,B07C5VMJPW,Cream,https://www.amazon.de/dp/B07C5VMJPW?psc=1,https://m.media-amazon.com/images/I/71ea4mQlpTL._SX342_.jpg,CeraVe,10.3,"6,052","6,052","3,000","66,570.20","66,515.18",54,104,AMZ,3.04,1,4.5,"18,996",10,169,Amazon,Beauty,Extra Large Envelope,AMZ,16.40 x 4.80 x 5.00 cm,0.2,N/A,"Apr 13, 2018",,No,96,Amazon
"Sorion cream - also suitable for skin care in cases of psoriasis and eczema With coconut oil, Neem, Rubia Cordifolia, Turmeric and Wrightia tinctoria.",B074D5ZKX9,Cream,https://www.amazon.de/dp/B074D5ZKX9?psc=1,https://m.media-amazon.com/images/I/81gpa6C36jL._AC_SY355_.jpg,Sorion,30.63,"3,918","1,781",N/A,"83,843.98","54,545.01",150,227,AMZ,8.01,5,4.3,"14,420",6,29,Amazon,,Extra Large Envelope,AMZ,21.50 x 4.70 x 4.70 cm,0.16,N/A,"Oct 15, 2017",,No,102,Amazon
"Mixa Panthenol Skin Soothing Cream with Panthenol, Care Cream for Dry, Sensitive and Neurodermatitis-Prone Skin, Wound Healing Cream for Redness and Itching, Panthenol Comfort, 400 ml",B0BPSWK6Y5,Cream,https://www.amazon.de/dp/B0BPSWK6Y5?psc=1,https://m.media-amazon.com/images/I/71KX5HBOqmL._SY355_.jpg,Mixa,5.82,"6,491","6,491","3,000","48,685.50","48,620.50",183,92,AMZ,3.95,2,4.6,"2,121",11,94,Amazon,Beauty,Small Parcel,AMZ,8.90 x 8.50 x 8.80 cm,0.45,N/A,"Dec 12, 2022",,No,40,Amazon
"La Roche Posay Regenerating Eye Cream for Allergy-Prone Eye Areas, Soothes Redness and Itching, with Niacinamide, Neurosensins and Sphingobioma, Toleriane Dermallergo Eyes, 20 ml",B09DPFXM6C,Cream,https://www.amazon.de/dp/B09DPFXM6C?psc=1,https://m.media-amazon.com/images/I/51HXMkWyHUL._SX342_.jpg,La Roche-Posay,19.99,"2,124","2,124","1,000","42,414.53","42,394.06",178,606,AMZ,5.78,1,4.5,"1,606",12,73,Amazon,Beauty,Large Envelope,AMZ,10.30 x 3.50 x 3.70 cm,0.04,N/A,"Oct 29, 2021",,No,54,Amazon
"La Roche Posay Face Cream, for Allergy-Prone Skin, Reduces Redness, with Sphingobioma and Neurosensine, Fragrance-Free and Alcohol-Free, Dermallergo Cream, Toleriane, 40 ml",B09DPGJC3B,Cream,https://www.amazon.de/dp/B09DPGJC3B?psc=1,https://m.media-amazon.com/images/I/613NuWl9+nL._SX342_.jpg,La Roche-Posay,21.58,"1,956","1,956",N/A,"41,943.74","41,934.13",172,"5,380",AMZ,6.28,1,4.7,"2,397",7,130,Amazon,Beauty,Large Envelope,AMZ,14.00 x 3.40 x 3.70 cm,0.06,N/A,"Feb 20, 2025",,No,14,Amazon
"CeraVe Moisturising Cream for Body and Face, with Pump Dispenser, Cream for Dry to Very Dry Skin, with Hyaluronic and 3 Essential Ceramides, 454 g",B0853C7CFQ,Cream,https://www.amazon.de/dp/B0853C7CFQ?psc=1,https://m.media-amazon.com/images/I/51jzMorS7rL._SX342_.jpg,CeraVe,17.85,"2,315","2,315","1,000","41,390.55","41,372.47",146,257,AMZ,6.08,1,4.6,"7,629",8,106,Amazon,Beauty,Small Parcel,AMZ,11.28 x 9.00 x 9.20 cm,0.53,N/A,"Feb 18, 2020",,No,74,Amazon
"Eucerin AtopiControl Soothing Light Balm 400 ml, Basic Skin Care for Dry and Atopic Skin, Moisturising Body Cream with Ceramides and Licochalcone A",B07YTKM7PN,Cream,https://www.amazon.de/dp/B07YTKM7PN?psc=1,https://m.media-amazon.com/images/I/61bIwDuN4xL._SX342_.jpg,Eucerin,18.31,"1,686","1,686",900,"34,998.50","34,997.16",147,886,AMZ,6.69,10,4.6,743,6,24,,Beauty,Extra Large Envelope,AMZ,20.80 x 5.70 x 8.80 cm,0.43,N/A,"Oct 7, 2019",,No,78,
Cicaplast Baume B5+ Balm,B00ST2GSRK,Cream,https://www.amazon.de/dp/B00ST2GSRK?psc=1,https://m.media-amazon.com/images/I/61QrwyZDC4L._SX342_.jpg,La Roche-Posay,7.88,"5,015","3,765",N/A,"49,716.58","30,760.49",24,44,AMZ,3.28,1,4.7,"20,622",9,789,Amazon,Beauty,Large Envelope,AMZ,12.15 x 3.20 x 4.75 cm,0.05,N/A,"Jul 26, 2015",,No,129,Amazon
"Dexeryl Creams, 1 piece",B008KL09BG,Cream,https://www.amazon.de/dp/B008KL09BG?psc=1,https://m.media-amazon.com/images/I/51tMuhLqAWL._SY355_.jpg,DEXERYL,19.76,"1,908","1,722",900,"34,096.49","30,693.80",23,599,IT,6.12,5,4.7,"3,109",8,36,FARMACIA ONLINE SHOP,Beauty,Extra Large Envelope,FBA,23.10 x 5.50 x 5.80 cm,0.56,#2,"Jul 14, 2012",,No,165,FARMACIA ONLINE SHOP
"Evolsin Eczema & Neurodermitis Cream/Ointment Relieves Itching & Soothes The Skin Aids With Irritated, Dry, Itchy, Irritated Skin",B07H3B8J76,Cream,https://www.amazon.de/dp/B07H3B8J76?psc=1,https://m.media-amazon.com/images/I/71DcCH+LuiL._SY355_.jpg,Evolsin,14.24,"1,685","1,792",900,"28,026.15","29,834.02",131,"1,828",DE,3.04,2,4.1,"2,826",8,N/A,Evolsin,Health & Personal Care,Extra Large Envelope,FBA,14.30 x 4.20 x 4.50 cm,0.07,N/A,"Sep 16, 2018",,No,91,Evolsin
"Linola Forte Skin Milk - 1 x 200 ml - Intensive Nourishing Cream Against Itching with 24-Hour Effect | Body Lotion for Dry, Irritated or Neurodermatitis Prone Skin | Helps from the First Use",B09QJJPR3C,Cream,https://www.amazon.de/dp/B09QJJPR3C?psc=1,https://m.media-amazon.com/images/I/71XK+oLiIAL._SY355_.jpg,Linola,21.34,"1,621","1,621",N/A,"29,409.41","29,404.09",190,"3,018",N/A,7.61,6,4.5,507,4,23,,Beauty,Extra Large Envelope,MFN,20.50 x 5.40 x 6.40 cm,0.23,N/A,"Jan 16, 2022",,No,51,
"Eubos skin calm cream 50ml for sensitive and dry skin of children and babies, dermatologically approved",B000V3MHY8,Cream,https://www.amazon.de/dp/B000V3MHY8?psc=1,https://m.media-amazon.com/images/I/71kUfOsRMzL._SY355_.jpg,EUBOS,12.95,"5,169","1,753",N/A,"78,169.47","22,686.15",103,32,AMZ,5.36,5,4.6,706,9,24,Amazon,Baby Products,Extra Large Envelope,AMZ,13.30 x 4.20 x 4.30 cm,0.07,N/A,"Jun 12, 2008",,No,214,Amazon
"Sorion Repair Cream - for psoriasis, neurodermatitis, dry skin and eczema for intensive skin care (50 g)",B00IFZEBSE,Cream,https://www.amazon.de/dp/B00IFZEBSE?psc=1,https://m.media-amazon.com/images/I/715B3MZAeTL._AC_SY355_.jpg,Sorion,19.08,"3,918","1,136",400,"83,843.98","22,367.51",104,225,N/A,5.73,9,4.3,"14,420",6,29,Amazon,Beauty,Large Envelope,MFN,16.70 x 3.10 x 3.40 cm,0.06,N/A,"Dec 31, 2008",,No,208,Amazon
Eubos Skin Rest,B000V3PZ0Q,Cream,https://www.amazon.de/dp/B000V3PZ0Q?psc=1,https://m.media-amazon.com/images/I/71lad5JZoCL._SY355_.jpg,EUBOS,14.19,"5,169","1,323",700,"78,169.47","22,125.41",15,32,AMZ,5.95,8,4.7,"1,162",9,0,Amazon,Baby Products,Extra Large Envelope,AMZ,17.70 x 4.40 x 5.40 cm,0.15,N/A,"Jun 12, 2008",,No,214,Amazon
"La Roche Posay Lipikar Balm AP+Max Body Lotion, Replenishing Body Cream for Dry Skin Prone to Atopic Dermatitis, Strengthens the Microbiome, Reduces Itching and Tension, 400 ml",B0FTFQB5YF,Cream,https://www.amazon.de/dp/B0FTFQB5YF?psc=1,https://m.media-amazon.com/images/I/61DWK5LAQVL._SX342_.jpg,La Roche-Posay,23.77,947,947,400,"21,639.66","21,636.36",176,"13,517",N/A,7.66,3,4.5,53,1,35,Amazon,Beauty,Extra Large Envelope,FBA,20.10 x 5.40 x 5.70 cm,0.45,N/A,"Sep 29, 2025",,No,7,Amazon
La Roche Posay La Roche PosayLipikar AP + M Balm Moisturising Cream 400 ml,B0849KTG44,Cream,https://www.amazon.de/dp/B0849KTG44?psc=1,https://m.media-amazon.com/images/I/61p-I45AJAL._SX342_.jpg,La Roche-Posay,29.29,942,942,N/A,"21,029.77","21,029.64",74,"8,242",AMZ,7.81,1,4.6,"1,830",9,40,Amazon,Beauty,Extra Large Envelope,AMZ,20.10 x 5.50 x 5.70 cm,0.45,N/A,"Jan 17, 2020",,No,75,Amazon
"La Roche-Posay Lipikar Eczema Med Acute Cream for Fast Relief of Eczema Symptoms in Eczema Eczema, Support for the Natural Microbiome of the Skin, 30 ml",B09LDBLS9T,Cream,https://www.amazon.de/dp/B09LDBLS9T?psc=1,https://m.media-amazon.com/images/I/61CKNNHEIvL._SX342_.jpg,La Roche-Posay,22.88,994,994,300,"21,032.01","21,027.65",152,"4,696",N/A,6.85,1,4.4,345,8,21,,Beauty,Extra Large Envelope,MFN,10.90 x 4.20 x 4.40 cm,0.07,N/A,"Oct 18, 2021",,No,54,
"Linola Face - 2 x 50 ml | Face Cream for Dry, Sensitive and Neurodermatitis Prone Skin | Medical Face Care without Microplastics",B0B3S6NF9M,Cream,https://www.amazon.de/dp/B0B3S6NF9M?psc=1,"https://m.media-amazon.com/images/I/616-V-98lLL._SY355_PIbundle-2,TopRight,0,0_SX322SY355SH20_.jpg",Linola,29.98,698,698,N/A,"20,922.93","20,915.82",128,"2,966",N/A,7.92,3,4.6,175,3,6,,Beauty,Extra Large Envelope,FBA,21.50 x 5.50 x 17.60 cm,0.15,N/A,"Jun 10, 2022",,No,46,
"Eucerin AtopiControl Gesichtscreme, 50 ml [Badartikel]",B00G1IA63G,Cream,https://www.amazon.de/dp/B00G1IA63G?psc=1,https://m.media-amazon.com/images/I/61l-8LHtKEL._SX342_.jpg,Eucerin,17.7,994,994,400,"19,879.02","19,872.67",54,"1,763",N/A,5.78,16,4.5,939,7,4,A+ eCom,Beauty,Large Envelope,FBA,13.20 x 3.20 x 4.30 cm,0.06,N/A,"Oct 9, 2013",,No,150,A+ eCom
"Mixa Urea Balm with 40% Glycerin, Urea and Allatoin, Repairing, Moisturising, for Very Dry, Cracked Skin on Elbows, Knees, Feet & Hands, 10 in 1 Urea Cica Repair+, 150 ml",B0CPTBBQJR,Cream,https://www.amazon.de/dp/B0CPTBBQJR?psc=1,https://m.media-amazon.com/images/I/71+e76JuKTL._SX355_.jpg,Mixa,5.84,"2,557","2,557","1,000","17,769.99","17,744.28",170,459,AMZ,N/A,6,4.7,"1,105",12,35,Amazon,Beauty,Extra Large Envelope,AMZ,9.00 x 4.70 x 8.90 cm,0.2,N/A,"Dec 8, 2023",,No,28,Amazon
"Eucerin AtopiControl Lotion, 400 ml",B00GUYH90E,Cream,https://www.amazon.de/dp/B00GUYH90E?psc=1,https://m.media-amazon.com/images/I/61ESRiqTJxL._SY355_.jpg,Eucerin,24.29,723,723,N/A,"17,245.31","17,238.94",35,"4,349",N/A,7.67,5,4.6,621,6,4,,Beauty,Large Envelope,FBA,21.70 x 3.60 x 7.80 cm,0.45,N/A,"Oct 9, 2013",,No,150,
"Lavera Neutral Acute Cream with Micro Silver, Organic Evening Primrose, Instant Aid for Skin Irritations, Neurodermatitis Medical Skin Care, Vegan Organic Plant Active Ingredients, Natural Cosmetics Cream, 75 ml",B07H43SZRL,Cream,https://www.amazon.de/dp/B07H43SZRL?psc=1,https://m.media-amazon.com/images/I/71w0cEtZexL._AC_SY355_.jpg,lavera,9.61,"1,112","1,112",600,"14,941.58","14,940.54",211,983,AMZ,5.74,4,4.4,"1,739",7,7,Amazon,Beauty,Large Envelope,AMZ,15.00 x 4.00 x 5.00 cm,0.08,N/A,"Sep 5, 2018",,No,91,Amazon
"Manuka Honey Hemp Ointment for Neurodermatitis & Eczema, Dandruff - Propolis, Beeswax, Aloe Vera, Dermatologically Recommended, Heals Dry, Cracked Skin",B0BW9MN9Z9,Cream,https://www.amazon.de/dp/B0BW9MN9Z9?psc=1,https://m.media-amazon.com/images/I/71ffVmxmwEL._SY355_.jpg,Hemp Help HEMP COSMETIC,16.04,778,778,400,"14,075.40","14,069.11",151,"4,111",CZ,4.8,2,4.3,675,8,30,H4H Naturals,Health & Personal Care,Standard Envelope,FBA,6.60 x 2.40 x 6.40 cm,0.06,N/A,"Feb 20, 2023",,No,38,H4H Naturals
Locobase Repair Cream - 72h Moisturising Cream for Very Dry & Cracked Skin - Body & Face Care - Regenerates the Skin Barrier - Fragrance-Free - Dermatologically Tested - 100 g,B0F3DZFTQ6,Cream,https://www.amazon.de/dp/B0F3DZFTQ6?psc=1,https://m.media-amazon.com/images/I/51TfkczNWXL._SY355_.jpg,Locobase,21.59,"1,891",567,200,"26,955.69","13,913.25",175,"1,006",AMZ,7.2,5,4.7,174,7,13,Amazon,Beauty,Extra Large Envelope,AMZ,16.60 x 4.80 x 5.70 cm,0.13,N/A,"Apr 2, 2025",,No,12,Amazon
Cetaphil Pro Itch Control 295ml Lotion,B07NGLXM9G,Cream,https://www.amazon.de/dp/B07NGLXM9G?psc=1,https://m.media-amazon.com/images/I/61vMgieV6kL._SX342_.jpg,Cetaphil,19.03,485,599,300,"11,048.21","13,652.70",38,"3,209",BE,6.82,8,4.6,424,8,16,homeplace-eu,Beauty,Extra Large Envelope,FBA,19.30 x 4.90 x 6.80 cm,0.34,N/A,"Feb 7, 2019",,No,86,homeplace-eu
"Eucerin AtopiControl Acute Care Cream 100 ml, Acute Skin Care for Dry and Atopic Skin, Targeted Use for Instant Relief from Itching, Redness and Irritation",B07ZL23F22,Cream,https://www.amazon.de/dp/B07ZL23F22?psc=1,https://m.media-amazon.com/images/I/61Jgp0KTsIL._SX342_.jpg,Eucerin,30,512,512,200,"13,582.09","13,579.45",155,"6,794",IT,7.23,6,4.6,499,7,21,FarmaciaBasso,Health & Personal Care,Large Envelope,FBA,13.50 x 3.70 x 6.00 cm,0.11,N/A,"Oct 25, 2019",,No,78,FarmaciaBasso
"BIODERMA Atoderm Intensive Balm - Anti-Itching, Repairing and Nourishing Care - Very Dry, Irritated to Atopic Skin - Recommended by Dermatologists - Pump Bottle 500 ml",B0161ZC5GY,Cream,https://www.amazon.de/dp/B0161ZC5GY?psc=1,https://m.media-amazon.com/images/I/51j19A6MGZL._SY355_.jpg,Bioderma,21.34,825,558,300,"17,758.43","13,156.04",167,"1,885",FR,N/A,13,4.8,"10,369",8,162,Cosmeco,Beauty,Small Parcel,FBA,20.95 x 6.60 x 6.81 cm,0.55,N/A,"Oct 7, 2015",,No,126,Cosmeco
"Eucerin AtopiControl Hand Intensive Cream 75 ml, Soothing Hand Cream Nourishes Atopic, Hand Decema-Prone Skin, Moisturising Skin Care with Licochalcone A and Ceramides",B01N0RN5MH,Cream,https://www.amazon.de/dp/B01N0RN5MH?psc=1,https://m.media-amazon.com/images/I/616idZx85VL._SX342_.jpg,Eucerin,8.32,1297,1297,700,"12,640.08","12,633.73",167,"1,219",N/A,3.43,14,4.6,999,7,25,CRIFLOMAR,Beauty,Large Envelope,FBA,11.20 x 3.80 x 3.90 cm,0.09,N/A,"Nov 25, 2016",,No,113,CRIFLOMAR
Eubos Skin Rest,B00E67C4EI,Cream,https://www.amazon.de/dp/B00E67C4EI?psc=1,https://m.media-amazon.com/images/I/717NnAm69CL._SY355_.jpg,EUBOS,12.39,"5,065",982,500,"76,680.77","12,252.08",15,35,N/A,4.9,22,4.5,600,9,7,Amazon,Baby Products,Large Envelope,AMZ,11.50 x 3.90 x 3.90 cm,0.05,N/A,"Sep 3, 2008",,No,211,Amazon
SOS Derma Care Anti-Itching Cream Acute Intensive Care (100 ml) - Relieves Itching in Dry Skin & Neurodermatitis - With Panthenol & Micro Silver - Suitable for Adults & Children,B0D3FD2SCD,Cream,https://www.amazon.de/dp/B0D3FD2SCD?psc=1,https://m.media-amazon.com/images/I/6105ZHoKVYL._AC_SY355_.jpg,SOS,5.95,"1,951","1,830",N/A,"15,726.63","10,869.78",177,695,N/A,3.44,1,4.4,148,9,27,,Beauty,Extra Large Envelope,FBA,14.50 x 4.20 x 6.40 cm,0.12,N/A,"May 23, 2024",,No,23,
"CeraVe Regenerating Hand Cream, Gentle Cream for Sensitive Skin, No Fragrances, for Neurodermatitis or Allergies, with Hyaluronic Acid and Essential Ceramides, 50 ml",B07C5W53C3,Cream,https://www.amazon.de/dp/B07C5W53C3?psc=1,https://m.media-amazon.com/images/I/71cTnXwJBKL._SX342_.jpg,CeraVe,4.54,"1,566","1,566",800,"10,761.37","10,755.14",165,840,AMZ,3.08,4,4.8,"5,553",7,52,Amazon,Beauty,Large Envelope,AMZ,10.83 x 3.40 x 5.10 cm,0.06,N/A,"Apr 13, 2018",,No,96,Amazon
"La Roche Posay Body Lotion for Itchy, Dry and Neurodermatitis Prone Skin, Reduces Itching, Strengthens Skin Protection Barrier, with Niacinamide and Shea Butter, Lipikar Baume AP+M, 200 ml",B08PHCW2DX,Cream,https://www.amazon.de/dp/B08PHCW2DX?psc=1,https://m.media-amazon.com/images/I/51ePUUkT69L._SX342_.jpg,La Roche-Posay,22.89,476,476,200,"10,601.32","10,599.99",188,"3,490",AMZ,N/A,1,4.8,"1,147",8,34,Amazon,Beauty,Extra Large Envelope,AMZ,16.00 x 4.50 x 7.30 cm,0.19,N/A,"Dec 3, 2020",,No,64,Amazon
Locobase Repair Cream - 72h Moisturising Cream for Very Dry & Cracked Skin - Body & Face Care - Regenerates the Skin Barrier - Fragrance-Free - Dermatologically Tested - 30 g,B0F3FJ6MCC,Cream,https://www.amazon.de/dp/B0F3FJ6MCC?psc=1,https://m.media-amazon.com/images/I/51AY0bkptWL._SY355_.jpg,Locobase,6.41,"1,891","1,148",500,"26,955.69","10,219.63",174,"1,006",AMZ,3.64,5,4.7,174,7,13,Amazon,Beauty,Extra Large Envelope,AMZ,13.00 x 4.10 x 4.60 cm,0.04,N/A,"Apr 2, 2025",,No,12,Amazon
"Allergika Med Face Cream, Long-Lasting Regeneration of a Damaged Skin Barrier, 50 ml",B0953KCDHY,Cream,https://www.amazon.de/dp/B0953KCDHY?psc=1,https://m.media-amazon.com/images/I/613V8kxXuaL._SX342_.jpg,Allergika,22.65,412,412,200,"10,047","10,044.71",84,"5,328",N/A,N/A,4,4.6,261,6,3,St. Bernward Apotheke,Beauty,Extra Large Envelope,MFN,12.50 x 4.20 x 4.30 cm,0.09,N/A,"May 18, 2021",,No,59,St. Bernward Apotheke
"- Evolsin® psoriasis balm / ointment, cream, effective relief thanks to unique patented action, soothes irritated, itchy and dry skin",B07G68HMVM,Cream,https://www.amazon.de/dp/B07G68HMVM?psc=1,https://m.media-amazon.com/images/I/71rlJAsw-EL._SX342_.jpg,Evolsin,19.79,488,488,300,"9,732.33","9,732.19",133,"5,372",DE,6.01,2,4.1,"1,103",9,3,Evolsin,Health & Personal Care,Extra Large Envelope,FBA,15.00 x 4.40 x 4.70 cm,0.14,N/A,"Aug 5, 2018",,No,92,Evolsin
"SIRIDERMA HYDRO Intensive Cream - Care for Irritated, Itchy Skin for Neurodermatitis, Psoriasis & Rosacea | Relieves Itching & Burning, Reduces Redness | Perfume Free, 150 ml",B00862A392,Cream,https://www.amazon.de/dp/B00862A392?psc=1,https://m.media-amazon.com/images/I/616v1pbEH-L._SX355_.jpg,SIRIDERMA,42.6,464,228,100,"14,828.11","9,720.29",174,"7,163",DE,10.8,1,4.5,394,10,4,Barbara Seitz,Beauty,Extra Large Envelope,FBA,20.20 x 4.40 x 5.20 cm,0.19,N/A,"May 25, 2012",,No,167,Barbara Seitz
"N1 Psoriasis Intensive Cream 50 ml - Eczema & Neurodermatitis Cream - Soothes, Nourishes, Relieves and Smooths Red, Flaky, Inflamed & Dry Skin",B0B56LYR2N,Cream,https://www.amazon.de/dp/B0B56LYR2N?psc=1,https://m.media-amazon.com/images/I/813UERc3QZL._SY355_.jpg,N1,13.5,662,543,300,"13,845.38","9,166.57",142,"4,037",DE,6.91,5,3.9,445,7,7,N1 - Health Care,Health & Personal Care,Extra Large Envelope,FBA,14.20 x 4.40 x 4.50 cm,0.08,N/A,"Jun 27, 2022",,No,46,N1 - Health Care
"DERMASENCE Vitop Forte Care Cream, 200 ml - Skin-protecting Basic Care for Dry and Neurodermatitis Prone Skin - Inflammation Preventive - with Active Complex of Färberwaid and Aloe Vera",B07MZGFJ4X,Cream,https://www.amazon.de/dp/B07MZGFJ4X?psc=1,https://m.media-amazon.com/images/I/61kHXD6+oHL._SY355_.jpg,DERMASENCE,23.28,309,309,200,"8,859.46","8,857.75",185,"5,844",N/A,7.83,4,4.6,376,6,3,apominga - Die Online Apotheke in München,Beauty,Extra Large Envelope,MFN,19.80 x 5.30 x 7.00 cm,0.25,N/A,"Oct 5, 2018",,No,90,apominga - Die Online Apotheke in München
"Dermasence Adtop Cream, 250 ml",B004CRR6YU,Cream,https://www.amazon.de/dp/B004CRR6YU?psc=1,https://m.media-amazon.com/images/I/61PzeNRLAjL._SY355_.jpg,DERMASENCE,21.27,407,407,N/A,"8,643.17","8,640.57",30,"10,353",N/A,6.35,6,4.7,974,6,8,,Beauty,Extra Large Envelope,MFN,5.00 x 21.60 x 6.80 cm,0.28,N/A,"Sep 15, 2009",,No,199,
"Eucerin AtopiControl Soothing Ultralight Hydro Lotion 400 ml, Basic Skin Care for Dry and Atopic Skin, Moisturising Body Cream with Licochalcone A and Hyaluronic Acid",B0DVZNZMDM,Cream,https://www.amazon.de/dp/B0DVZNZMDM?psc=1,https://m.media-amazon.com/images/I/61CWQQ3EHFL._SX342_.jpg,Eucerin,16.8,426,426,200,"8,520.38","8,515.99",166,"4,204",AMZ,7.41,4,4.8,113,7,8,Amazon,Beauty,Extra Large Envelope,AMZ,21.30 x 5.60 x 9.00 cm,0.42,N/A,"Feb 19, 2025",,No,14,Amazon
"Aveeno Dermexa Moisturising Daily Emollient Cream Body Lotion with Soothing Triple Oat Complex for Very Dry, Itchy, Sensitive, Eczema-Prone Skin, 200 ml",B0DGH4M5VN,Cream,https://www.amazon.de/dp/B0DGH4M5VN?psc=1,https://m.media-amazon.com/images/I/61hZRk+elkL._SY355_.jpg,Aveeno,14.12,483,483,200,"8,239.65","8,235.46",152,"5,016",AMZ,4.41,5,4.5,116,10,7,Amazon,Beauty,Extra Large Envelope,AMZ,19.40 x 5.40 x 6.80 cm,0.24,N/A,"Sep 9, 2024",,No,19,Amazon
"Marigold Ointment - All Natural Balm Relieves Skin Rashes, Itching, Dry Skin, Eczema, Cracked Hands Handmade, Plastic Free, Cruelty Free, Moisturising. - 100ml",B07H4RB55D,Cream,https://www.amazon.de/dp/B07H4RB55D?psc=1,https://m.media-amazon.com/images/I/71rw98IG84L._SY500_.jpg,The Ilex Wood,14.4,591,424,300,"11,316.53","7,198.45",159,36,GB,4.12,1,4.5,"1,743",6,N/A,The Ilex Wood,Handmade Products,Large Envelope,FBA,13.90 x 3.40 x 10.20 cm,0.08,N/A,"Sep 6, 2018",,No,91,The Ilex Wood
La Roche Posay LIPIKAR BAUME LIGHT AP+M Body Lotion Light Body Cream with Anti-Itching and Anti-Relapse Effect for Skin Prone to Neurodermatitis and Allergies,B0FSRVPY96,Cream,https://www.amazon.de/dp/B0FSRVPY96?psc=1,https://m.media-amazon.com/images/I/313ZDnaHxbL._SX342_.jpg,La Roche-Posay,20.16,299,299,200,"7,166.51","7,163.41",158,"1,841",AMZ,7.02,2,4,18,1,5,Amazon,Beauty,Extra Large Envelope,AMZ,20.30 x 5.70 x 5.70 cm,0.44,N/A,"Sep 29, 2025",,No,7,Amazon
"Eucerin Body Cream, Eczema, Relief, 8 oz",B00DEXA0LY,Cream,https://www.amazon.de/dp/B00DEXA0LY?psc=1,https://m.media-amazon.com/images/I/61NWlJcIwBL._SY355_.jpg,Eucerin,34.21,237,237,N/A,"6,560.84","6,559.95",40,"13,166",N/A,8.55,1,4.4,"16,955",11,82,,Beauty,Extra Large Envelope,FBA,20.20 x 4.70 x 7.70 cm,0.25,N/A,"Sep 2, 2013",,No,151,
"Uriage Xemose C8+ Anti-Itching Balm 500 ml - Nourishes, Repairs, Soothes - Very Dry, Atopic Skin - 8 Biomimetic Ceramides & 10% Shea Butter - Face & Body - Fragrance-Free",B07JDLL4LP,Cream,https://www.amazon.de/dp/B07JDLL4LP?psc=1,https://m.media-amazon.com/images/I/61d+hZ5AsQL._SY355_.jpg,Uriage,23.75,303,303,200,"6,362.56","6,362.43",170,"6,358",FR,6.55,6,4.2,"1,478",9,49,Cosmeco,Beauty,Small Parcel,FBA,20.50 x 6.60 x 6.70 cm,0.53,N/A,"Sep 29, 2018",,No,91,Cosmeco
"Sorion Sensitive Repair Creme, Ayurvedic Repair Care for Skin Irritations, Neurodermatitis, Psoriasis, Itching and Eczema 50 ml",B089HF85HG,Cream,https://www.amazon.de/dp/B089HF85HG?psc=1,https://m.media-amazon.com/images/I/51Ird77C-gL._SY355_.jpg,Sorion,17.78,358,358,N/A,"6,272.44","6,269.94",127,"5,971",AMZ,5.71,4,4.3,998,2,5,Amazon,Beauty,Large Envelope,AMZ,16.60 x 3.20 x 3.50 cm,0.06,N/A,"Jun 15, 2020",,No,70,Amazon
Eucerin AtopiControl 40 ml,B00FXR2XAU,Cream,https://www.amazon.de/dp/B00FXR2XAU?psc=1,https://m.media-amazon.com/images/I/61lhqlVxC4L._SX342_.jpg,Eucerin,14.45,380,380,100,"6,256.15","6,254.20",26,"8,583",N/A,5.62,13,4.4,638,7,6,A+ eCom,Beauty,Large Envelope,FBA,14.60 x 2.80 x 4.50 cm,0.05,N/A,"Oct 9, 2013",,No,150,A+ eCom
"CETAPHIL Pro ItchControl Acute Repair Cream, 227 g, for Neurodermatitis and Eczema Prone Skin, Instant Regeneration of the Skin Barrier, Microbiome Friendly, No Fragrance and Preservatives",B0CNHB59YQ,Cream,https://www.amazon.de/dp/B0CNHB59YQ?psc=1,https://m.media-amazon.com/images/I/61re8IakQvL._SX342_.jpg,Cetaphil,18.95,263,263,100,"6,027.28","6,025.03",188,"7,062",AMZ,6.06,5,4.8,56,9,6,Amazon,Beauty,Standard Envelope,AMZ,17.20 x 2.00 x 5.70 cm,0.25,N/A,"Nov 16, 2023",,No,29,Amazon
"Universal Hemp Neurodermitis Hanfsalbe mit Propolis & Manuka – 100 ml Pflege bei Ekzemen & rissiger Haut Für trockene, juckende Haut | Bio-Hanföl & Bienenwachs | Natürlich beruhigende Creme 100ml",B09D3WW6Q5,Cream,https://www.amazon.de/dp/B09D3WW6Q5?psc=1,https://m.media-amazon.com/images/I/71dTItD2LiL._AC_SY355_.jpg,Hemp Help HEMP COSMETIC,20.07,227,227,100,"5,273.63","5,271.53",195,"14,129",CZ,N/A,1,4.5,515,7,11,H4H Naturals,Beauty,Large Envelope,MFN,8.50 x 2.60 x 8.20 cm,0.1,N/A,"Aug 10, 2021",,No,56,H4H Naturals
"Mustela Stelatopia Organic Itch Relief Cream, Face and Body, Infants, Children, Whole Family - Extremely Dry Skin or Eczema, 99% Ingredients of Natural Origin (300 ml)",B0BVTNQ6LL,Cream,https://www.amazon.de/dp/B0BVTNQ6LL?psc=1,https://m.media-amazon.com/images/I/61zdmYFhBFL._SY355_.jpg,Mustela,20.92,210,210,100,"4,715.98","4,715.14",167,"3,724",AMZ,7.16,6,4.7,451,8,22,,Baby Products,Extra Large Envelope,AMZ,22.80 x 4.60 x 10.30 cm,0.35,N/A,"Dec 14, 2022",,No,40,
Colloidal silver cream ointment silver cream 100 g rosacea onyco micro eczema skin 100 G,B07JMKG43J,Cream,https://www.amazon.de/dp/B07JMKG43J?psc=1,https://m.media-amazon.com/images/I/71QkwbIH9JL._SY355_.jpg,Maison Naturelle,16.99,263,263,100,"4,468.55","4,465.78",88,"6,728",DE,5.68,1,4.4,"1,790",6,1,MAISON NATURELLE,Beauty,Small Parcel,FBA,8.30 x 8.10 x 8.30 cm,0.24,N/A,"Jun 9, 2018",,No,94,MAISON NATURELLE
"DERMASENCE Vitop Forte Nourishing Cream 100 ml - For Very Dry & Irritated Skin, Soothes Itching, Protects Against Irritation, Vegan, Absorbs Quickly, for Eczema Skin, Also Suitable for Children",B01N7SO3Z7,Cream,https://www.amazon.de/dp/B01N7SO3Z7?psc=1,https://m.media-amazon.com/images/I/61gMQlF8pLL._SY355_.jpg,DERMASENCE,18.02,214,214,100,"4,278.64","4,277.36",193,"9,453",N/A,7.38,7,4.7,335,6,1,apominga - Die Online Apotheke in München,Beauty,Extra Large Envelope,MFN,19.10 x 5.20 x 12.40 cm,0.13,N/A,"Jan 15, 2017",,No,111,apominga - Die Online Apotheke in München
ALLERGIKA Evening Primrose Oil Cream 20% MED 100 ml,B09VYD878V,Cream,https://www.amazon.de/dp/B09VYD878V?psc=1,https://m.media-amazon.com/images/I/61bc+ppaHUL._SX342_.jpg,Allergika,19.24,188,188,100,"4,257.33","4,256.61",51,"9,611",AMZ,6.45,4,4.8,52,6,0,Amazon,Beauty,Large Envelope,AMZ,18.00 x 4.00 x 5.00 cm,0.11,N/A,"Jan 2, 2022",,No,51,Amazon
Eucerin Atopicontrol lotion.,B00FXQ6G5Y,Cream,https://www.amazon.de/dp/B00FXQ6G5Y?psc=1,https://m.media-amazon.com/images/I/61fl1Xm4TYL._SX342_.jpg,Eucerin,19.12,184,184,100,"4,256.68","4,256.29",28,"5,021",AMZ,6.45,12,4.6,275,7,0,Amazon,Beauty,Large Envelope,AMZ,21.80 x 3.90 x 8.30 cm,0.45,N/A,"Oct 16, 2013",,No,150,Amazon
Bepanthen Eczema Cream 20g,B01NBGU7E8,Cream,https://www.amazon.de/dp/B01NBGU7E8?psc=1,https://m.media-amazon.com/images/I/51Ps5kYv-5L._AC_SY355_.jpg,Bepanthen,16.99,234,234,N/A,"4,154.14","4,151.71",26,"12,809",N/A,6.19,2,4.4,142,3,10,,Health & Personal Care,Large Envelope,FBA,11.60 x 3.40 x 3.50 cm,0.03,N/A,"Jan 14, 2017",,No,111,
Ebenol 0.5% Cream 30G,B00DIWG5WE,Cream,https://www.amazon.de/dp/B00DIWG5WE?psc=1,https://m.media-amazon.com/images/I/41J3+TX1bfL._AC_SY355_.jpg,EBENOL,13.29,322,322,N/A,"4,135.73","4,133.24",21,N/A,N/A,N/A,1,4.6,500,7,0,,,N/A,MFN,N/A,N/A,N/A,"Aug 22, 2012",,No,164,
"Behrend - Psoriasis & Eczema Cream for Reddened, Dry & Flaky Skin - Psoriasis & Eczema Ointment Reduces Itching & Soothes Inflamed Skin - Medical Device Without Cortisone",B0BGJKH4ZT,Cream,https://www.amazon.de/dp/B0BGJKH4ZT?psc=1,https://m.media-amazon.com/images/I/71NGw5Iu75L._AC_SY355_.jpg,Behrend Homecare,13.4,235,235,100,"3,746.14","3,743.67",170,"13,252",DE,5.43,1,4,649,9,10,Evolsin,Health & Personal Care,Extra Large Envelope,FBA,14.20 x 4.30 x 4.40 cm,0.07,N/A,"Sep 26, 2022",,No,43,Evolsin
"Neuroderm Repair Cream, 50 ml - Skin Cream with Glycerine & Ceramides for Neurodermatitis | For Adults, Children & Infants - Supports the Regeneration of Dry Skin for Eczema",B07H8ZJHB6,Cream,https://www.amazon.de/dp/B07H8ZJHB6?psc=1,https://m.media-amazon.com/images/I/71RciN+cbeL._SY355_.jpg,InfectoPharm,14.83,363,248,N/A,"4,986.29","3,623.97",173,"7,726",N/A,5.64,1,4.6,355,1,5,,Beauty,Extra Large Envelope,MFN,12.80 x 4.30 x 5.60 cm,0.08,N/A,"Aug 17, 2018",,No,92,
La Roche-Posay Lipikar Baume AP+ Balm 200 ml,B00NNUMI86,Cream,https://www.amazon.de/dp/B00NNUMI86?psc=1,https://m.media-amazon.com/images/I/71BFplpmbNL._SX342_.jpg,La Roche-Posay,23.45,121,121,50,"3,346.50","3,346.33",44,"11,984",PT,7.56,1,4.6,"3,453",9,56,Be and Care,Beauty,Extra Large Envelope,MFN,16.10 x 4.40 x 6.80 cm,0.21,N/A,"Sep 17, 2014",,No,139,Be and Care
Neuroderm Lipo Care Cream 250 ml,B07M5Q6N6F,Cream,https://www.amazon.de/dp/B07M5Q6N6F?psc=1,https://m.media-amazon.com/images/I/71Vjqq5m1QL._SY355_.jpg,InfectoPharm,17.23,260,197,N/A,"4,108.88","3,345.57",32,N/A,N/A,N/A,1,4.7,520,1,0,,,N/A,MFN,N/A,N/A,N/A,"Dec 23, 2018",,No,88,
"Dexeryl Cream 250 g: care and protection for dry skin, especially for various skin conditions such as eczema. Fragrance-free and paraben-free",B0FD3YG81R,Cream,https://www.amazon.de/dp/B0FD3YG81R?psc=1,https://m.media-amazon.com/images/I/61iEEMF1FEL._SY355_.jpg,DEXERYL,15.04,822,217,100,"22,620.71","3,331.71",141,"2,839",DE,5.83,1,4.7,135,7,85,Homoeopathiefuchs Versand-Apotheke,"Business, Industry & Science",Extra Large Envelope,FBA,20.40 x 5.40 x 6.90 cm,0.12,N/A,"Jun 13, 2025",,No,10,Homoeopathiefuchs Versand-Apotheke
Ducray Dexyane Med Soothing Repair Cream 100ml,B01M6ZHI4D,Cream,https://www.amazon.de/dp/B01M6ZHI4D?psc=1,https://m.media-amazon.com/images/I/61Mc82UeLYL._SY355_.jpg,Ducray,24.59,136,136,50,"3,286.20","3,285.72",46,"10,020",N/A,8.15,7,4.4,681,6,9,OSAPHARM,Beauty,Extra Large Envelope,FBA,16.00 x 4.40 x 6.20 cm,0.14,N/A,"Oct 28, 2016",,No,114,OSAPHARM
"DERMASENCE Adtop Plus Nourishing Cream 100 ml - 10% Urea & Glycerin - For Dry Skin, Eczema - Fragrance-Free, Vegan - Skin Protection with Hygrobol Effect - Daily Basic Care",B00E6M5SPU,Cream,https://www.amazon.de/dp/B00E6M5SPU?psc=1,https://m.media-amazon.com/images/I/61phBAaOANL._SY355_.jpg,DERMASENCE,17.36,190,190,N/A,"3,231.44","3,230.03",172,"7,387",N/A,6.63,5,4.6,263,6,2,,Beauty,Extra Large Envelope,MFN,14.80 x 4.10 x 5.70 cm,0.13,N/A,"Nov 10, 2009",,No,197,
Dermasence Adtop Cream 50 ml,B00E59XYMI,Cream,https://www.amazon.de/dp/B00E59XYMI?psc=1,https://m.media-amazon.com/images/I/71+YdCm87eL._SX342_.jpg,DERMASENCE,9.67,319,319,100,"3,137.57","3,135.16",28,"5,520",N/A,3.44,6,4.6,221,6,3,apominga - Die Online Apotheke in München,Beauty,Large Envelope,MFN,12.20 x 3.70 x 4.70 cm,0.07,N/A,"Nov 17, 2010",,No,185,apominga - Die Online Apotheke in München
"DERMASENCE Vitop Forte Rescue Care Cream, 50 ml - Cream for Itchy & Extremely Dry Skin, Soothes Irritated Areas, Vegan, Fragrance-Free, for Ezema, Hands, Face & Body",B091JRL4JZ,Cream,https://www.amazon.de/dp/B091JRL4JZ?psc=1,https://m.media-amazon.com/images/I/61375bnkPQL._SY355_.jpg,DERMASENCE,16.97,159,159,50,"2,993.18","2,992.17",165,"11,023",N/A,5.85,5,4.7,117,6,2,apominga - Die Online Apotheke in München,Beauty,Large Envelope,MFN,15.30 x 3.20 x 4.30 cm,0.07,N/A,"Apr 2, 2021",,No,60,apominga - Die Online Apotheke in München
boep med Base Cream | Basic Care for Problem Skin such as Neurodermatitis or Rosacea | Very Dry or Itchy Skin | Certified Natural Cosmetics (500 ml),B0DSG4BQWX,Cream,https://www.amazon.de/dp/B0DSG4BQWX?psc=1,https://m.media-amazon.com/images/I/315gx++uYJL._SY355_.jpg,boep,39.87,428,58,N/A,"11,032.41","2,882.85",148,"6,430",DE,11.88,1,4.6,146,7,0,das boep,Beauty,Small Parcel,FBA,21.30 x 7.20 x 7.30 cm,0.59,N/A,"Jan 7, 2025",,No,15,das boep
Eucerin Atopicontrol Face Cream 50 ml,B00FC7H05Y,Cream,https://www.amazon.de/dp/B00FC7H05Y?psc=1,https://m.media-amazon.com/images/I/71w8OSa6HsL._SY355_.jpg,Eucerin,17.64,135,135,50,"2,841.65","2,840.24",37,"13,422",N/A,6.19,6,4.3,208,3,6,A+ eCom,Beauty,Large Envelope,FBA,13.10 x 3.20 x 4.40 cm,0.02,N/A,"Feb 18, 2014",,No,146,A+ eCom
"Soothing Eczema Cream for Itching, Redness, Dry, Irritated, Eczema Tendy Skin, Nourishing Moisturiser 18 g",B0G7ZP4RBC,Cream,https://www.amazon.de/dp/B0G7ZP4RBC?psc=1,https://m.media-amazon.com/images/I/61vaE76gR2L._AC_SY355_.jpg,BioRelie,8.39,245,245,100,"2,837.92","2,835.94",106,"15,451",CN,3.69,1,4,26,7,2,MASHANGYOU,Health & Personal Care,Standard Envelope,FBA,14.80 x 2.40 x 5.00 cm,0.04,N/A,"Jan 21, 2026",,No,3,MASHANGYOU
Locobase Repair Cream - 72h Moisturising Cream for Very Dry & Cracked Skin - Body & Face Care - Regenerates the Skin Barrier - Fragrance-Free - Dermatologically Tested - 50 g,B0F3FGJHBV,Cream,https://www.amazon.de/dp/B0F3FGJHBV?psc=1,https://m.media-amazon.com/images/I/51K90ZQcn0L._SY355_.jpg,Locobase,14.28,"1,891",175,100,"26,955.69","2,809.98",174,"1,006",AMZ,5.83,5,4.7,174,7,13,,Beauty,Extra Large Envelope,AMZ,16.00 x 4.20 x 4.70 cm,0.07,N/A,"Apr 2, 2025",,No,12,
Mediderm Cream 1kg,B084WXDP12,Cream,https://www.amazon.de/dp/B084WXDP12?psc=1,https://m.media-amazon.com/images/I/41NfWKG-UmL._SY355_.jpg,Mediderm,19.05,326,127,100,"5,752.97","2,743.42",18,"10,689",AMZ,6.67,2,4.5,438,1,12,,Health & Personal Care,Small Parcel,AMZ,22.90 x 9.30 x 22.40 cm,1.09,N/A,"Feb 17, 2020",,No,74,
"Linola Duo 30 g - Cream for Neurodermatitis, Eczema and Inflammation of the Skin | Reduces Itchy and Anti-Inflammatory | Without Cortisone",B0C5J58KZ9,Cream,https://www.amazon.de/dp/B0C5J58KZ9?psc=1,https://m.media-amazon.com/images/I/71ozTuUiZXL._AC_SY355_.jpg,Linola,16.04,152,152,N/A,"2,460.43","2,459.93",138,N/A,N/A,N/A,1,4.5,129,10,0,,,N/A,MFN,N/A,N/A,N/A,"May 17, 2023",,No,35,
"Bioderma Atoderm Intensive, 500 ml cream",B01BB27E36,Cream,https://www.amazon.de/dp/B01BB27E36?psc=1,https://m.media-amazon.com/images/I/411pegZSWPL._SY355_.jpg,Bioderma,22.72,166,104,N/A,"3,029.23","2,442.02",40,"39,566",N/A,6.81,4,4.4,"1,823",6,16,,,Small Parcel,MFN,21.20 x 6.80 x 7.80 cm,0.56,N/A,"Jan 31, 2016",,No,123,
"La Roche-Posay Lipikar Baume Light AP+M, Replenishing Lotion for Neurodermatitis and Dry Skin, Quick Absorbent, No Fragrances, for Babies from 3 Months, Children and Adults, 200 ml",B09V53RT55,Cream,https://www.amazon.de/dp/B09V53RT55?psc=1,https://m.media-amazon.com/images/I/51KO4X9bSHL._SX342_.jpg,La Roche-Posay,17.39,138,138,50,"2,421.23","2,420.37",180,"19,197",AMZ,6.03,1,4.6,95,1,7,Amazon,Beauty,Extra Large Envelope,AMZ,16.10 x 4.60 x 7.00 cm,0.21,N/A,"Mar 9, 2022",,No,49,Amazon
"Pullach Hof Aloe-Vera Cream, Balm from Allgäu [Bavaria, Germany]",B01IHJR4O0,Cream,https://www.amazon.de/dp/B01IHJR4O0?psc=1,https://m.media-amazon.com/images/I/81I39qECCJL._SY355_.jpg,Pullach Hof,5.74,353,353,200,"2,365.36","2,364.30",64,"5,238",DE,3.8,4,4.6,363,1,3,ecotrade-GmbH,Beauty,Small Parcel,FBA,8.30 x 8.10 x 8.30 cm,0.28,N/A,"Sep 14, 2013",,No,151,ecotrade-GmbH
"Organic Marigold Ointment Wound Ointment with Manuka Honey & Propolis - High Dose Calendula Cream for Neurodermatitis, Eczema & Dry Skin - Regenerates & Nourishes Without Cortisone",B0D8BQ2YGQ,Cream,https://www.amazon.de/dp/B0D8BQ2YGQ?psc=1,https://m.media-amazon.com/images/I/81y6LcxcCeL._SY355_.jpg,Hemp Help HEMP COSMETIC,16.8,121,121,50,"2,244.32","2,243.40",180,"17,713",CZ,7.03,1,4.3,283,7,4,H4H Naturals,Health & Personal Care,Large Envelope,FBA,6.50 x 3.40 x 6.40 cm,0.09,N/A,"Jun 28, 2024",,No,22,H4H Naturals
"Dexeryl Creme, 250 g",B00E5A3H88,Cream,https://www.amazon.de/dp/B00E5A3H88?psc=1,https://m.media-amazon.com/images/I/51DJte9WwBL._SY355_.jpg,DEXERYL,12.55,196,196,N/A,"2,196.70","2,195.26",20,"9,436",N/A,5.3,2,4.5,599,2,18,,Beauty,Extra Large Envelope,MFN,20.50 x 5.40 x 6.80 cm,0.29,N/A,"Nov 17, 2010",,No,185,
"HiPP Highly compatible family cream, with shea butter, aloe vera and vegetable glycerine for dry skin, fragrance-free and hypoallergenic, for prone to eczema, 300 ml",B0FQVJM6Y2,Cream,https://www.amazon.de/dp/B0FQVJM6Y2?psc=1,https://m.media-amazon.com/images/I/614Rz+w-FjL._AC_SX355_.jpg,HiPP,5,368,368,200,"2,188.15","2,184.32",165,"1,264",AMZ,3.73,1,4.5,38,14,6,Amazon,Baby Products,Small Parcel,AMZ,8.50 x 7.20 x 8.10 cm,0.32,N/A,"Sep 12, 2025",,No,7,Amazon
"BIODERMA Atoderm Intensive for Neurodermatitis, 200 ml Cream",B08475HN8L,Cream,https://www.amazon.de/dp/B08475HN8L?psc=1,https://m.media-amazon.com/images/I/41V1hZ2yk8L._SY355_.jpg,Bioderma,16.82,825,103,50,"17,758.43","2,056.12",60,"1,885",DE,6.42,16,4.8,"10,369",9,162,DermoBox,Beauty,Extra Large Envelope,FBA,16.10 x 5.00 x 7.49 cm,0.22,N/A,"May 1, 2015",,No,131,DermoBox
"Blueline Cream Lotion for Fungus, Athlete's Foot, Eczema or Eczema Treatment (500 ml Dispenser) | Body Lotion for Dry and Itchy Skin | Body Lotion for Psoriasis, Skin Redness",B00JDI0VP4,Cream,https://www.amazon.de/dp/B00JDI0VP4?psc=1,https://m.media-amazon.com/images/I/61m4J07IhPL._SY355_.jpg,AQUYO Cosmetics,28.15,182,53,50,"4,718.65","1,989.11",174,"22,527",DE,9.34,1,4.1,475,7,1,AQUYO Cosmetics,Beauty,Small Parcel,FBA,19.70 x 7.00 x 7.00 cm,0.56,N/A,"May 23, 2018",,No,95,AQUYO Cosmetics
Forpeople Propolis Bee Ointment Organic 50 ml · Ointment with Propolis High Dose for Eczema & Acne · Healing Ointment for Sensitive & Dry Skin · Propolis Ointment with Nourishing Oils,B0DH74FW73,Cream,https://www.amazon.de/dp/B0DH74FW73?psc=1,https://m.media-amazon.com/images/I/71i-QHHQ+hL._AC_SY355_.jpg,4 people who care,10.9,195,195,100,"1,983.57","1,981.71",183,"19,993",DE,4.68,1,4.4,162,6,7,forpeople_skincare,Health & Personal Care,Extra Large Envelope,FBA,6.10 x 5.80 x 5.90 cm,0.16,N/A,"Sep 17, 2024",,No,19,forpeople_skincare
AVENE XeraCalm A.D Cream 200 ml,B00FTQVKXG,Cream,https://www.amazon.de/dp/B00FTQVKXG?psc=1,https://m.media-amazon.com/images/I/410RRxXtUSL._SY355_.jpg,Avene,21.2,91,91,N/A,"1,946.80","1,946.25",31,"15,942",N/A,6.6,3,4.7,118,1,0,,Beauty,Extra Large Envelope,MFN,5.40 x 20.20 x 6.80 cm,0.22,N/A,"Oct 11, 2013",,No,150,
"Locobase Eczema Cream - Cortisone Free Skin Care for Atopic Eczema - Reduces Itching & Redness - with Aloe Vera & Glycerine - Fragrance-Free, Vegan - Dermatologically Tested - 60 g",B0F3FGC6RN,Cream,https://www.amazon.de/dp/B0F3FGC6RN?psc=1,https://m.media-amazon.com/images/I/51EofwXeHNL._SY355_.jpg,Locobase,18.51,89,89,N/A,"1,927.93","1,927.23",180,"24,817",AMZ,6.25,1,4.6,25,6,8,,Beauty,Large Envelope,AMZ,14.20 x 3.60 x 5.10 cm,0.08,N/A,"Apr 2, 2025",,No,12,
Skin Balm 30 ml | Rich Care Ointment | Moisturising Cream for Face & Body | Eczema Cream & Psoriasis Cream for Very Dry Skin Areas | Face Cream,B0CL9KKM1B,Cream,https://www.amazon.de/dp/B0CL9KKM1B?psc=1,https://m.media-amazon.com/images/I/61VWkpKeqML._SY355_.jpg,natüür,23.87,62,62,N/A,"1,850.76","1,849.99",143,"15,324",DE,7.91,2,3.8,37,9,0,natüür,Beauty,Extra Large Envelope,FBA,5.60 x 4.70 x 5.50 cm,0.14,N/A,"Oct 18, 2023",,No,30,natüür
"Blueline Cream for Eczema, Neurodermatitis & Rash, Body Cream for Dry, Blemished Skin, Care Cream for Itching and Skin Irritation (500 ml Dispenser), Parabens and Perfume Free",B00JDI0U0K,Cream,https://www.amazon.de/dp/B00JDI0U0K?psc=1,https://m.media-amazon.com/images/I/6130a9R43TL._SY355_.jpg,AQUYO Cosmetics,28.99,47,47,N/A,"1,819.55","1,818.95",175,"27,594",DE,N/A,1,4.1,"1,007",7,3,AQUYO Cosmetics,Beauty,Small Parcel,FBA,19.70 x 7.00 x 7.00 cm,0.56,N/A,"May 23, 2018",,No,95,AQUYO Cosmetics
Locobase Protect Cream - 48h Moisturising Cream for Dry & Irritated Skin - Body & Face Care - Strengthens the Skin Barrier - Fragrance-Free - for the Whole Family - 100 g,B0F3FCRFQQ,Cream,https://www.amazon.de/dp/B0F3FCRFQQ?psc=1,https://m.media-amazon.com/images/I/51OVrahr08L._SY355_.jpg,Locobase,8.39,321,175,100,"5,175.14","1,748.01",170,"6,179",AMZ,3.58,5,4.6,75,7,4,Amazon,Beauty,Extra Large Envelope,AMZ,16.80 x 4.70 x 5.80 cm,0.13,N/A,"Apr 2, 2025",,No,12,Amazon
BIODERMA Atoderm Intensive Gel Cream Nourishing and Cooling Anti-Itch Body Care Gel 500ml Gel,B089ZYDWJ5,Cream,https://www.amazon.de/dp/B089ZYDWJ5?psc=1,https://m.media-amazon.com/images/I/61VWsyi5y1L._SY355_.jpg,Bioderma,26.95,65,65,N/A,"1,731.85","1,731.51",93,"23,098",FR,3.4,31,4.6,"1,214",10,23,Parapharmacie Centrale,Beauty,Small Parcel,FBA,21.10 x 6.90 x 7.10 cm,0.57,N/A,"Jun 9, 2020",,No,70,Parapharmacie Centrale
"Dexeryl Creme, 500 g",B0098G931Y,Cream,https://www.amazon.de/dp/B0098G931Y?psc=1,https://m.media-amazon.com/images/I/61L+5+7R4ML._SY355_.jpg,Hengulus,19.39,83,83,N/A,"1,669.44","1,668.50",20,"49,120",N/A,7.32,4,4.6,"1,403",1,24,,Beauty,Extra Large Envelope,MFN,23.00 x 5.60 x 5.80 cm,0.56,N/A,"Sep 10, 2012",,No,163,
"Uriage Xemose Irritation-Relieving Lipid Building Cream for Dry, Atopy Prone Skin with Shea Butter - Relieves Itching, Long Lasting Comfort - Face & Body - Fragrance-Free - 400 ml",B019HPS6XQ,Cream,https://www.amazon.de/dp/B019HPS6XQ?psc=1,https://m.media-amazon.com/images/I/61J-9iQp2VL._SY355_.jpg,Uriage,21,88,74,N/A,"1,759.43","1,555.14",179,"9,577",N/A,6.55,1,4.6,"3,389",6,35,,Beauty,Small Parcel,FBA,18.50 x 8.00 x 8.30 cm,0.49,N/A,"Jan 19, 2016",,No,123,
Bioderma Atoderm Ultra Nourishing Cream Unscented 2 x 500 ml,B09J9ZY7G5,Cream,https://www.amazon.de/dp/B09J9ZY7G5?psc=1,"https://m.media-amazon.com/images/I/51k9jY8derL._SY355_PIbundle-2,TopRight,0,0_AA355SH20_.jpg",Bioderma,31.06,321,47,N/A,"6,337.52","1,533.15",60,"4,283",N/A,7.81,2,4.4,"4,710",8,94,Cosmeco,Beauty,Small Parcel,FBA,21.20 x 6.90 x 14.10 cm,1.11,N/A,"Sep 24, 2020",,No,67,Cosmeco
Leti AT-4 Body Milk 500 ml,B009M4O1J6,Cream,https://www.amazon.de/dp/B009M4O1J6?psc=1,https://m.media-amazon.com/images/I/41Lube0mZhL._SX342_.jpg,Leti,26.47,68,58,N/A,"1,704.06","1,515.78",26,"18,244",DE,N/A,16,4.5,373,5,2,APONEO - Deutsche Versand-Apotheke,Beauty,Extra Large Envelope,MFN,4.50 x 24.00 x 9.50 cm,0.58,N/A,"Jan 1, 2009",,No,207,APONEO - Deutsche Versand-Apotheke
"Bioderma, Atoderm Intensive Tree Soothing Skin Cream Dry Skin 2 x 500ml",B07BJK5W3J,Cream,https://www.amazon.de/dp/B07BJK5W3J?psc=1,"https://m.media-amazon.com/images/I/51UCkJxOGHL._SY355_PIbundle-2,TopRight,0,0_AA355SH20_.jpg",Bioderma,54.54,37,29,N/A,"1,565.81","1,448.30",71,"71,536",FR,11.04,4,4.6,"1,194",3,3,Parapharmacie Centrale,Beauty,Small Parcel,FBA,21.20 x 7.00 x 14.50 cm,1.12,N/A,"Apr 11, 2018",,No,96,Parapharmacie Centrale
"LETI AT4 Intensive Cream - Acute Aid for Skin Irritation & Eczema Due to Eczema or Allergy-Prone Skin, for Extremely Dry Skin, Irritation Reducing and Moisturising, 100 ml",B0798TKB8S,Cream,https://www.amazon.de/dp/B0798TKB8S?psc=1,https://m.media-amazon.com/images/I/410pHS5RTrL._SY355_.jpg,Leti,26.71,55,55,N/A,"1,439.55","1,439.18",171,"26,839",NL,7.37,16,4.5,260,5,0,Dr. Vital e-Pharmacy,Beauty,Extra Large Envelope,FBA,15.40 x 4.40 x 5.10 cm,0.13,N/A,"Jan 24, 2018",,No,99,Dr. Vital e-Pharmacy
"EUBOS SENSITIVE Feuchtigkeitscreme Tagespflege, 50 ml [Misc.]",B000TV9S08,Cream,https://www.amazon.de/dp/B000TV9S08?psc=1,https://m.media-amazon.com/images/I/61kU358NskL._SY355_.jpg,EUBOS,18.55,76,76,N/A,"1,417.65","1,416.74",61,"23,322",AMZ,6.2,23,4.6,260,8,5,Amazon,Beauty,Extra Large Envelope,AMZ,6.90 x 4.70 x 6.80 cm,0.09,N/A,"Aug 29, 2007",,No,224,Amazon
Neuroderm Repair Cream 25 ml,B07MXLF4DS,Cream,https://www.amazon.de/dp/B07MXLF4DS?psc=1,https://m.media-amazon.com/images/I/71QibWPhu3L._SY355_.jpg,InfectoPharm,10.06,363,115,50,"4,986.29","1,359.74",28,"7,726",N/A,5.81,4,4.6,355,1,0,apominga - Die Online Apotheke in München,Beauty,Large Envelope,MFN,11.10 x 3.40 x 4.10 cm,0.04,N/A,"Jan 18, 2019",,No,87,apominga - Die Online Apotheke in München
"Tallow Beef Tallow Intensive Cream for Neurodermatitis, Eczema, Psoriasis & Rosacea; Natural Acute Care for Irritated, Dry, Itchy, Irritated and Reddened Skin (1 x 120 ml, Evening Primrose Oil)",B0G3QR2F44,Cream,https://www.amazon.de/dp/B0G3QR2F44?psc=1,https://m.media-amazon.com/images/I/81CDSA19lsL._SY355_.jpg,Nature Nation,29.9,"1,293",44,N/A,"30,809.22","1,301.13",193,"1,243",DE,7.91,1,4.1,365,9,N/A,Nature Nation DE,Beauty,Extra Large Envelope,FBA,6.70 x 5.50 x 5.60 cm,0.23,N/A,"Nov 24, 2025",,No,5,Nature Nation DE
"A-DERMA Exomega Control Moisturising Cream for Neurodermatitis Prone Skin, 400 ml Cream",B0B4WKYBY2,Cream,https://www.amazon.de/dp/B0B4WKYBY2?psc=1,https://m.media-amazon.com/images/I/61yVGSeM7wL._SY355_.jpg,A-Derma,26.35,52,52,N/A,"1,282.91","1,282.63",87,"36,067",N/A,7.35,7,4.6,77,1,2,,Beauty,Small Parcel,MFN,18.20 x 6.30 x 6.50 cm,0.47,N/A,"May 27, 2022",,No,47,
Linola® Fett - for atopic eczema (neurodermatitis) in subacute and chronic stage 2X50 pack 100g.,B00AHWJ80O,Cream,https://www.amazon.de/dp/B00AHWJ80O?psc=1,"https://m.media-amazon.com/images/I/51Evc8emZFL._AC_SX355_PIbundle-2,TopRight,0,0_SH20_.jpg",Dr Wolff,15.97,64,64,N/A,"1,268","1,267.37",96,"30,919",BG,4.46,4,4.6,35,2,0,Dealon,Health & Personal Care,Standard Envelope,MFN,2.01 x 8.00 x 2.01 cm,0,N/A,"Dec 4, 2012",,No,160,Dealon
"dline CC CoolingCream | From the Care Professional for Dry, Sensitive Skin | 200 ml Tube | Moisturising Cream | Eczema Cream | Aloe Vera, Beeswax, Glycerin, Jojoba Oil, Almond Oil, Castor Oil, Menthol",B003O9Z78Y,Cream,https://www.amazon.de/dp/B003O9Z78Y?psc=1,https://m.media-amazon.com/images/I/61-ESZVqzvL._SY355_.jpg,dline,20.61,61,61,N/A,"1,259.92","1,259.79",200,"29,180",DE,6.51,1,4.6,70,6,0,dline GmbH Deutschland,Beauty,Extra Large Envelope,FBA,18.00 x 5.00 x 7.00 cm,0.26,N/A,"Jun 17, 2010",,No,190,dline GmbH Deutschland
"Cream Forte 15 ml | Rich Moisturiser for Neurodermatitis, Psoriasis & Eczema Cream | Face Cream & Body Cream | With Neem Extract | Moisturiser Also as Eczema Cream",B0F1X79JJK,Cream,https://www.amazon.de/dp/B0F1X79JJK?psc=1,https://m.media-amazon.com/images/I/61YG0vSv1DL._SY355_.jpg,natüür,11.09,136,87,50,"3,040.12","1,209.15",163,"14,256",DE,5.13,1,4.3,7,9,N/A,natüür,Beauty,Large Envelope,FBA,8.50 x 3.20 x 3.20 cm,0.04,N/A,"Mar 18, 2025",,No,13,natüür
"Eucerin AtopiControl Soothing Light Balm 200 ml, Basic Skin Care for Dry and Atopic Skin, Moisturising Body Cream with Ceramides and Licochalcone A",B08LYSVT7V,Cream,https://www.amazon.de/dp/B08LYSVT7V?psc=1,https://m.media-amazon.com/images/I/61ZbtV6HpWL._SX342_.jpg,Eucerin,17.05,69,69,N/A,"1,204.90","1,204.48",147,"18,233",GB,N/A,8,4.7,41,8,0,Glamstore DE,Beauty,Extra Large Envelope,MFN,16.60 x 4.80 x 6.00 cm,0.23,N/A,"Dec 31, 2008",,No,208,Glamstore DE
A-DERMA Exomega Control Moisturising Balm 400ml,B0B4WM18WQ,Cream,https://www.amazon.de/dp/B0B4WM18WQ?psc=1,https://m.media-amazon.com/images/I/61nM0aTIbeL._SY355_.jpg,A-Derma,17.99,47,47,N/A,"1,202.81","1,202.41",47,"23,450",PT,8.09,14,4.7,63,1,9,Beauty Lovy,Beauty,Small Parcel,MFN,18.40 x 6.50 x 6.50 cm,0.46,N/A,"Dec 24, 2020",,No,64,Beauty Lovy
"Cream Forte 150 ml | Rich Moisturising Cream for Neurodermatitis, Psoriasis & Eczema Cream | Face Cream & Body Cream | With Neem Extract | Moisturiser Also as Eczema Cream",B0GHPG2XH8,Cream,https://www.amazon.de/dp/B0GHPG2XH8?psc=1,https://m.media-amazon.com/images/I/61ZOyuvw66L._SY355_.jpg,natüür,39.83,136,22,N/A,"3,040.12","1,083.18",171,"12,325",DE,10.91,1,4.3,7,9,N/A,natüür,Beauty,Extra Large Envelope,FBA,5.00 x 16.00 x 5.00 cm,0.22,N/A,"Jan 19, 2026",,No,3,natüür
"Uriage Shower Oil Soap Free with Glycerine 25% - 2-in-1: Cleanses Gentle & Moisturises - for the Whole Family - Face & Body - Soap-Free, Physiological pH Value, Sensitive Skin - 1L",B0752S69DK,Oil,https://www.amazon.de/dp/B0752S69DK?psc=1,https://m.media-amazon.com/images/I/7100O6bjE-L._SY355_.jpg,Uriage,14.73,448,324,100,"7,364.62","5,817.61",180,"4,338",ES,7.1,10,4.6,"3,124",9,64,Easo Magno Beauty,Beauty,Small Parcel,MFN,23.60 x 7.70 x 8.30 cm,1.16,N/A,"Oct 19, 2017",,No,102,Easo Magno Beauty
"La Roche-Posay Lipikar Shower & Bath Oil AP+, Replenishing Shower and Bath Oil for Very Dry and Neurodermatitis-Prone Skin, Itch-Reducing, Skin Soothing and Moisturising, 400 ml",B07Q6FG1T6,Oil,https://www.amazon.de/dp/B07Q6FG1T6?psc=1,https://m.media-amazon.com/images/I/712wWJdi+dL._SX342_.jpg,La Roche-Posay,20.54,250,250,100,"4,786.25","4,785.54",177,"7,333",N/A,6.24,1,4.7,"2,649",1,42,,Beauty,Extra Large Envelope,MFN,19.90 x 5.50 x 5.50 cm,0.47,N/A,"Jan 9, 2019",,No,87,
"Uriage Xémose Cleansing Soothing Oil 1 L - Face & Body Wash for Dry Skin, Prone to Eczema - Cleans, Nourishes & Offers Long-Lasting Comfort - Soap Free",B00P9YV0Z6,Oil,https://www.amazon.de/dp/B00P9YV0Z6?psc=1,https://m.media-amazon.com/images/I/71KTsnhUrPL._SY355_.jpg,Uriage,18.48,282,170,100,"5,090.46","3,334.84",151,"4,387",N/A,6.16,6,4.5,"1,937",9,23,3D Tripcke,Beauty,Small Parcel,FBA,24.21 x 7.70 x 8.10 cm,1.21,N/A,"Aug 27, 2014",,No,140,3D Tripcke
Eucerin Atopi Olio Det 400ml,B07CJDK8D8,Oil,https://www.amazon.de/dp/B07CJDK8D8?psc=1,https://m.media-amazon.com/images/I/61AMXVgOGKL._SX342_.jpg,Eucerin,14.5,172,172,100,"2,974.21","2,973.26",28,"3,162",AMZ,5.65,13,4.5,540,6,23,Amazon,Beauty,Large Envelope,AMZ,21.90 x 3.50 x 8.30 cm,0.44,N/A,"Dec 10, 2013",,No,148,Amazon
"DEXERYL Cleansing Oil: Daily Cleansing of Body and Face, for Dry Skin Prone to Ecema, 1 x 500ml",B0BLC6972T,Oil,https://www.amazon.de/dp/B0BLC6972T?psc=1,https://m.media-amazon.com/images/I/51LlRcuTwCL._SY355_.jpg,DEXERYL,17.73,147,104,N/A,"2,814.18","1,761.53",95,"9,718",N/A,6.06,12,4.7,377,6,N/A,,Beauty,Small Parcel,MFN,20.70 x 6.40 x 6.50 cm,0.59,N/A,"Nov 3, 2022",,No,41,
Uriage Xemose Cleansing Soothing Oil 500ml,B06XXWTV3H,Oil,https://www.amazon.de/dp/B06XXWTV3H?psc=1,https://m.media-amazon.com/images/I/71H2h7cq2pL._SY355_.jpg,Uriage,16.25,262,90,50,"4,765.22","1,444.70",42,"6,982",CH,5.58,16,4.5,"1,936",9,35,DERMA EU,Beauty,Small Parcel,FBA,20.50 x 6.30 x 6.40 cm,0.62,N/A,"May 11, 2017",,No,107,DERMA EU
ZIAJA MED Fabric Softening Bath and Shower Oil Dermatological Formula for Atopic Skin 270ml,B0DGFHSB6G,Oil,https://www.amazon.de/dp/B0DGFHSB6G?psc=1,https://m.media-amazon.com/images/I/51DqoZEEXPL._SY355_.jpg,Ziaja,7.31,6,6,N/A,54.07,54.05,91,"88,837",AMZ,3.78,2,5,2,3,0,Amazon,Beauty,Extra Large Envelope,AMZ,18.50 x 5.40 x 5.50 cm,0.29,N/A,"Mar 27, 2025",,No,16,Amazon
"SVR - Topialyse Huile Lavante - 24H Replenishing, Itch-Relieving Cleansing Oil - For Dry to Atopic Skin - Omegas 3-6-9, Niacinamide, Prebiotics - 1000ml",B09D8SW19S,Oil,https://www.amazon.de/dp/B09D8SW19S?psc=1,https://m.media-amazon.com/images/I/61pEzoLLLyL._SY355_.jpg,SVR,14.47,55,37,N/A,"1,085.48",823.29,152,"15,674",FR,6.04,15,4.6,"1,669",8,66,Cosmeco,Beauty,Small Parcel,FBA,23.30 x 8.30 x 8.80 cm,1.17,N/A,"Aug 21, 2021",,No,59,Cosmeco
"Rilastil Xerolact Face and Body Oil for Babies, Children and Adults, Moisturising, Relipidizing for Dry, Irritated and Atopic Skin 1000ml",B0DVM1G1B3,Oil,https://www.amazon.de/dp/B0DVM1G1B3?psc=1,https://m.media-amazon.com/images/I/61qoRmZRZTL._SY445_.jpg,Rilastil,14.83,97,97,50,"1,732.55","1,732.54",137,"24,092",AMZ,6.21,7,4.6,503,7,22,Amazon,Beauty,Small Parcel,AMZ,24.80 x 8.70 x 9.50 cm,1.17,N/A,"Feb 5, 2025",,No,17,Amazon
"BIODERMA Atoderm Shower Oil - Soothing and Irritation-Relieving Cleansing - Instant Wellbeing and 24 Hours Moisturising - Sensitive, Very Dry to Irritated Skin - Pump Bottle 1 L",B00ZY65OSI,Oil,https://www.amazon.de/dp/B00ZY65OSI?psc=1,https://m.media-amazon.com/images/I/615ZenpkpGL._SY355_.jpg,Bioderma,17.43,"1,265","1,265",600,"25,527.75","25,521.45",177,"1,215",DE,6.47,22,4.7,"30,203",8,269,DermoBox,Beauty,Small Parcel,FBA,21.50 x 7.80 x 10.50 cm,1.17,N/A,"Aug 27, 2015",,No,128,DermoBox
"CeraVe Feuchtigkeitsspendendes Reinigungsöl, Intensive und langanhaltende Feuchtigkeit für normale bis sehr trockene Haut, Reinigung für Körper und Gesicht, mit 3 essenziellen Ceramiden",B0967LDZ7R,Oil,https://www.amazon.de/dp/B0967LDZ7R?psc=1,https://m.media-amazon.com/images/I/51mYBrdKYkL._SX342_.jpg,CeraVe,15.25,"2,182","1,628",800,"32,053.21","24,906.85",185,775,AMZ,6.44,1,4.6,"10,232",6,158,Amazon,Beauty,Extra Large Envelope,AMZ,18.80 x 4.80 x 8.40 cm,0.54,N/A,"Jul 22, 2021",,No,57,Amazon
"La Roche-Posay Lipikar Shower and Bath Oil AP+ Replenishing Shower Gel - Bath Oil for Itchy, Dry and Sensitive Skin 1L",B0DJPB34JN,Oil,https://www.amazon.de/dp/B0DJPB34JN?psc=1,https://m.media-amazon.com/images/I/516Q-7YP6ML._SY445_.jpg,La Roche-Posay,17.79,767,767,400,"20,243.82","20,239.48",118,"2,052",PT,7.33,3,4.7,496,1,20,Amazon,Beauty,Small Parcel,MFN,22.40 x 8.70 x 8.80 cm,1.14,N/A,"Oct 12, 2024",,No,18,Amazon
"SEBAMED Fresh Shower 400 ml, Shower Gel for Sensitive and Stressed Skin, Long-Lasting Fresh Feeling, Moisturises the Skin with Amino Acids and Allantoin, for Men and Women",B0FJFD8HDX,Wash,https://www.amazon.de/dp/B0FJFD8HDX?psc=1,https://m.media-amazon.com/images/I/41cd1yKwqFL._SY355_.jpg,Sebamed,3.77,"3,810","3,939","2,000","17,908.99","18,517.31",171,173,AMZ,4.38,1,4.8,169,5,23,Amazon,Beauty,Extra Large Envelope,AMZ,17.00 x 4.30 x 9.50 cm,0.46,N/A,"Jul 22, 2025",,No,9,Amazon
"CeraVe Feuchtigkeitsspendendes Reinigungsöl, Intensive und langanhaltende Feuchtigkeit für normale bis sehr trockene Haut, Reinigung für Körper und Gesicht, mit 3 essenziellen Ceramiden",B09CCJD53W,Wash,https://www.amazon.de/dp/B09CCJD53W?psc=1,https://m.media-amazon.com/images/I/71u1-IC4RNL._SX342_.jpg,CeraVe,10.83,"2,182",554,200,"32,053.21","7,145.46",185,775,AMZ,4.97,4,4.6,"10,232",8,199,Amazon,Beauty,Large Envelope,AMZ,17.10 x 3.40 x 6.90 cm,0.28,N/A,"Aug 11, 2021",,No,56,Amazon
Cetaphil Pro Itch Control Wash Lotion 295ml Lotion,B07Q272CWN,Wash,https://www.amazon.de/dp/B07Q272CWN?psc=1,https://m.media-amazon.com/images/I/61nqe943+EL._SX342_.jpg,Cetaphil,13.18,241,338,200,"3,821.41","5,379.59",50,"1,332",AMZ,5.77,7,4.6,252,9,16,Amazon,Baby Products,Extra Large Envelope,AMZ,18.00 x 4.70 x 6.70 cm,0.34,N/A,"Oct 18, 2019",,No,78,Amazon
"Eucerin PH5 Shower Cleansing Oil 1L Body Cleansing Oil with Natural Oils for Gentle Daily Cleansing, Olive Oil for Dry and Sensitive Skin for the Whole Family",B0CHJZSFJY,Oil,https://www.amazon.de/dp/B0CHJZSFJY?psc=1,https://m.media-amazon.com/images/I/31qTQ+yrqPL._SY355_.jpg,Eucerin,21.26,144,144,50,"4,295.55","4,294.10",158,"9,014",AMZ,7.21,3,4.6,250,1,19,Amazon,Beauty,Small Parcel,AMZ,25.40 x 6.10 x 17.10 cm,1.06,N/A,"Oct 7, 2023",,No,30,Amazon
Eubos Skin Rest,B002WDQ2DM,Wash,https://www.amazon.de/dp/B002WDQ2DM?psc=1,https://m.media-amazon.com/images/I/61d8EuBNzBL._SY355_.jpg,EUBOS,10.45,"5,065",214,100,"76,680.77","2,186.91",15,N/A,N/A,5.6,22,4.6,186,9,1,Amazon,,Extra Large Envelope,AMZ,17.70 x 4.30 x 5.40 cm,0.17,N/A,"Nov 10, 2009",,No,197,Amazon
"Neuroderm Almond Oil Bath, 200 ml - Medical Bath Oil for Dry Skin and Treatment for Eczema, Psoriasis & Itching | Skin Soothing Bath Additive with Natural Almond Oil",B00EXVBBTQ,Wash,https://www.amazon.de/dp/B00EXVBBTQ?psc=1,https://m.media-amazon.com/images/I/714L7cdu+sL._AC_SY355_.jpg,InfectoPharm,11.56,3,2,N/A,42.95,27.98,165,N/A,N/A,4.24,13,4.7,339,1,0,Schongau-apo,,Large Envelope,MFN,4.00 x 5.00 x 10.00 cm,0.28,N/A,"Dec 14, 2012",,No,163,Schongau-apo
"E45 Bath Oil 500 ml – Badeöl Weichmacher, um trockene Haut mit Feuchtigkeit zu versorgen – Seifenfrei und parfümfrei Weichmachendes Bade- und Duschöl Duschgel - Dermatologisch getestet",B0CQ8MCFWP,Oil,https://www.amazon.de/dp/B0CQ8MCFWP?psc=1,https://m.media-amazon.com/images/I/51OAVJtiPwL._SY355_.jpg,E45,8.99,111,111,50,982.1,982.12,184,N/A,SE,3.8,1,4.4,210,6,2,E-Healthcare,,Extra Large Envelope,FBA,19.90 x 4.40 x 8.40 cm,0.48,N/A,"Dec 14, 2023",,No,31,E-Healthcare
"NEURODERM Mandelölbad, 500 ml – Medizinisches Badeöl für trockene Haut und zur Behandlung bei Neurodermitis, Schuppenflechte & Juckreiz | Hautberuhigender Badezusatz mit natürlichem Mandelöl",B00EXVBB2I,Oil,https://www.amazon.de/dp/B00EXVBB2I?psc=1,https://m.media-amazon.com/images/I/712MKYUwIVL._AC_SY355_.jpg,InfectoPharm,19.81,4,1,N/A,59.54,19.99,190,N/A,DE,5.66,17,4.7,339,1,0,Schongau-apo,,Large Envelope,MFN,4.00 x 5.00 x 10.00 cm,0.54,N/A,"Sep 27, 2012",,No,166,Schongau-apo
Meditrade Gentle Med® Ölbad 3 x 500 ml Flasche,B07CLT336K,Oil,https://www.amazon.de/dp/B07CLT336K?psc=1,"https://m.media-amazon.com/images/I/61A9a9DOztL._AC_SX355_PIbundle-3,TopRight,0,0_SH20_.jpg",Meditrade,18,22,22,N/A,382.96,382.96,46,N/A,DE,7.17,4,4.4,49,6,0,Maskmedicare,,Small Parcel,MFN,23.00 x 19.00 x 7.00 cm,1.6,N/A,"Apr 24, 2018",,No,99,Maskmedicare
Linola Fett N Ölbad 200 ml,B00EXE7FVG,Oil,https://www.amazon.de/dp/B00EXE7FVG?psc=1,https://m.media-amazon.com/images/I/51iPD9+WrYL._AC_SY355_.jpg,Linola,9.73,33,33,N/A,380.78,380.82,26,N/A,DE,N/A,10,4.6,23,1,0,sternapo,,N/A,MFN,N/A,N/A,N/A,"Jul 9, 2013",,No,156,sternapo
"Spitzner Ölbad Sensitive 1000 ml – dermatologisch getestetes Ölbad für trockene Haut, intensiv rückfettend, hergestellt in Arzneibuchqualität",B01FDNL5SY,Oil,https://www.amazon.de/dp/B01FDNL5SY?psc=1,https://m.media-amazon.com/images/I/51tgfpoHsFL._SY355_.jpg,spitzner,36.95,9,9,N/A,347.37,347.36,141,N/A,DE,9.88,3,4.7,62,3,0,Aqua-Saar GmbH,,Small Parcel,MFN,29.00 x 10.40 x 12.90 cm,0.99,N/A,"Jul 22, 2010",,No,192,Aqua-Saar GmbH
Meditrade Gentle Med® Ölbad 6 x 500 ml Flasche | 00992D,B07CM9D341,Oil,https://www.amazon.de/dp/B07CM9D341?psc=1,"https://m.media-amazon.com/images/I/51tWtVjEKjL._SY355_PIbundle-6,TopRight,0,0_AA355SH20_.jpg",Meditrade,27.18,6,6,N/A,175.42,175.4,55,N/A,DE,8.98,3,4.6,27,1,0,Novaprax GmbH,,Standard Parcel,MFN,29.00 x 20.00 x 15.00 cm,3.5,N/A,"Apr 24, 2018",,No,99,Novaprax GmbH
"Meditrade 00992D Gentle Med Ölbad, 500 mL Flasche",B00UVPGU94,Oil,https://www.amazon.de/dp/B00UVPGU94?psc=1,https://m.media-amazon.com/images/I/51tWtVjEKjL._SX342_.jpg,Meditrade,9.47,7,7,N/A,61.78,61.77,49,N/A,DE,3.19,14,4.3,114,1,1,Senocare,,Large Envelope,MFN,19.80 x 3.80 x 10.00 cm,0.48,N/A,"Jul 16, 2014",,No,144,Senocare
"frei öl HautpflegeÖlbad mit hochwertigen pflanzlichen Ölen, feuchtigkeitsspendend rückfettend entspannt und beruhigt extrem trockene und sensible Haut, vegan, Körperöl, 200 ml",B000V3KJHA,Oil,https://www.amazon.de/dp/B000V3KJHA?psc=1,"https://m.media-amazon.com/images/I/51mzrSHz0cL._AC_SY355_PIbundle-10,TopRight,0,0_SH20_.jpg",frei öl,7.19,182,182,50,"1,244.43","1,244.41",175,"6,528",AMZ,3.66,9,4.6,235,6,3,Amazon,Kosmetik,Extra Large Envelope,AMZ,15.20 x 4.70 x 4.70 cm,0.21,N/A,"Aug 29, 2007",,No,227,Amazon
"La Roche Posay Lipikar AP+ Dusch- und Badeöl für juckende, trockene oder zu Neurodermitis neigende Haut, hydratisierend mit Aqua Posae Filiformis, Niacinamid und Sheabutter, Nachfüllpack, 400 ml",B08M5T2KCW,Oil,https://www.amazon.de/dp/B08M5T2KCW?psc=1,https://m.media-amazon.com/images/I/71yz3Z2b8KL._SX342_.jpg,La Roche-Posay,11.53,126,126,N/A,"2,044.60","2,044.61",194,"8,737",N/A,5.2,5,4.7,987,7,36,,Kosmetik,Extra Large Envelope,MFN,17.80 x 5.40 x 12.30 cm,0.44,N/A,"Oct 29, 2020",,No,69,
"Eucerin Ph5 Duschgel und Badeöl, 1000 ml",B0F1W6393T,Oil,https://www.amazon.de/dp/B0F1W6393T?psc=1,https://m.media-amazon.com/images/I/51pBl9Z2vRL._SY355_.jpg,Eucerin,24.73,24,24,N/A,581.59,581.58,40,"9,620",AMZ,8.16,1,4.7,86,1,13,Amazon,Kosmetik,Small Parcel,AMZ,24.20 x 6.50 x 10.70 cm,1.14,N/A,"Jan 24, 2025",,No,18,Amazon
dline NOB-NutrientÖlBad Duschöl Badeöl vom Pflegeprofi | 200ml Flasche | Lipidgehalt 77% | Ölbad Badezusatz | Wellness für trockene Haut | Panthenol Glycerin Erdnussöl Sojaöl Mandelöl Jojobaöl,B078HYMY5Y,Oil,https://www.amazon.de/dp/B078HYMY5Y?psc=1,https://m.media-amazon.com/images/I/61VgHdUbA9L._SY355_.jpg,dline,14.49,7,7,N/A,98.44,98.42,192,N/A,DE,5.38,1,4.1,17,7,0,dline GmbH Deutschland,,Extra Large Envelope,FBA,18.60 x 4.90 x 14.70 cm,0.22,N/A,"Dec 20, 2017",,No,103,dline GmbH Deutschland
Naïf - Mildes Badeöl für Baby und Kind - 0% Parfüm - Babypflege - Baden - Badeöl trockene Haut - Inhaltsstoffe auf natürlicher Basis - Vegan - 100ml,B0FL8H9CHS,Oil,https://www.amazon.de/dp/B0FL8H9CHS?psc=1,https://m.media-amazon.com/images/I/51Q1QyiVwyL._SY355_.jpg,Naïf,10.99,136,76,50,"1,541.11",840.5,148,797,AMZ,5.42,1,4.5,88,6,2,Amazon,Baby,Large Envelope,AMZ,12.40 x 3.50 x 3.60 cm,0.11,N/A,"Aug 5, 2025",,No,11,Amazon
